ISO-10303-21;
HEADER;
FILE_DESCRIPTION(('FreeCAD Model'),'2;1');
FILE_NAME('Open CASCADE Shape Model','2026-05-26T06:20:56',(''),(''),
  'Open CASCADE STEP processor 7.8','FreeCAD','Unknown');
FILE_SCHEMA(('AUTOMOTIVE_DESIGN { 1 0 10303 214 1 1 1 1 }'));
ENDSEC;
DATA;
#1 = APPLICATION_PROTOCOL_DEFINITION('international standard',
  'automotive_design',2000,#2);
#2 = APPLICATION_CONTEXT(
  'core data for automotive mechanical design processes');
#3 = SHAPE_DEFINITION_REPRESENTATION(#4,#10);
#4 = PRODUCT_DEFINITION_SHAPE('','',#5);
#5 = PRODUCT_DEFINITION('design','',#6,#9);
#6 = PRODUCT_DEFINITION_FORMATION('','',#7);
#7 = PRODUCT('Body','Body','',(#8));
#8 = PRODUCT_CONTEXT('',#2,'mechanical');
#9 = PRODUCT_DEFINITION_CONTEXT('part definition',#2,'design');
#10 = ADVANCED_BREP_SHAPE_REPRESENTATION('',(#11,#15),#3093);
#11 = AXIS2_PLACEMENT_3D('',#12,#13,#14);
#12 = CARTESIAN_POINT('',(0.,0.,0.));
#13 = DIRECTION('',(0.,0.,1.));
#14 = DIRECTION('',(1.,0.,-0.));
#15 = MANIFOLD_SOLID_BREP('',#16);
#16 = CLOSED_SHELL('',(#17,#185,#216,#247,#278,#309,#334,#365,#399,#423,
    #642,#672,#697,#720,#745,#769,#794,#843,#868,#884,#900,#957,#973,
    #1050,#1147,#1163,#1220,#1244,#1259,#1271,#1308,#1396,#1446,#1470,
    #1613,#1643,#1670,#1691,#1716,#1789,#1813,#1837,#1861,#1885,#1909,
    #1953,#1977,#2018,#2042,#2060,#2077,#2102,#2124,#2148,#2165,#2183,
    #2229,#2297,#2321,#2338,#2355,#2377,#2399,#2423,#2445,#2469,#2486,
    #2508,#2530,#2542,#2564,#2581,#2604,#2616,#2633,#2655,#2679,#2703,
    #2742,#2773,#2791,#2803,#2815,#2832,#2844,#2861,#2878,#2890,#2906,
    #2918,#2967,#2978,#2989,#3007,#3024,#3041,#3058,#3071,#3082));
#17 = ADVANCED_FACE('',(#18,#52,#63,#169),#180,.T.);
#18 = FACE_BOUND('',#19,.T.);
#19 = EDGE_LOOP('',(#20,#30,#38,#46));
#20 = ORIENTED_EDGE('',*,*,#21,.T.);
#21 = EDGE_CURVE('',#22,#24,#26,.T.);
#22 = VERTEX_POINT('',#23);
#23 = CARTESIAN_POINT('',(-29.5,9.5,6.5));
#24 = VERTEX_POINT('',#25);
#25 = CARTESIAN_POINT('',(-29.5,-9.5,6.5));
#26 = LINE('',#27,#28);
#27 = CARTESIAN_POINT('',(-29.5,10.,6.5));
#28 = VECTOR('',#29,1.);
#29 = DIRECTION('',(0.,-1.,0.));
#30 = ORIENTED_EDGE('',*,*,#31,.T.);
#31 = EDGE_CURVE('',#24,#32,#34,.T.);
#32 = VERTEX_POINT('',#33);
#33 = CARTESIAN_POINT('',(29.5,-9.5,6.5));
#34 = LINE('',#35,#36);
#35 = CARTESIAN_POINT('',(-30.,-9.5,6.5));
#36 = VECTOR('',#37,1.);
#37 = DIRECTION('',(1.,0.,0.));
#38 = ORIENTED_EDGE('',*,*,#39,.T.);
#39 = EDGE_CURVE('',#32,#40,#42,.T.);
#40 = VERTEX_POINT('',#41);
#41 = CARTESIAN_POINT('',(29.5,9.5,6.5));
#42 = LINE('',#43,#44);
#43 = CARTESIAN_POINT('',(29.5,-10.,6.5));
#44 = VECTOR('',#45,1.);
#45 = DIRECTION('',(0.,1.,0.));
#46 = ORIENTED_EDGE('',*,*,#47,.T.);
#47 = EDGE_CURVE('',#40,#22,#48,.T.);
#48 = LINE('',#49,#50);
#49 = CARTESIAN_POINT('',(30.,9.5,6.5));
#50 = VECTOR('',#51,1.);
#51 = DIRECTION('',(-1.,0.,0.));
#52 = FACE_BOUND('',#53,.T.);
#53 = EDGE_LOOP('',(#54));
#54 = ORIENTED_EDGE('',*,*,#55,.T.);
#55 = EDGE_CURVE('',#56,#56,#58,.T.);
#56 = VERTEX_POINT('',#57);
#57 = CARTESIAN_POINT('',(29.45,4.,6.5));
#58 = CIRCLE('',#59,4.45);
#59 = AXIS2_PLACEMENT_3D('',#60,#61,#62);
#60 = CARTESIAN_POINT('',(25.,4.,6.5));
#61 = DIRECTION('',(0.,0.,-1.));
#62 = DIRECTION('',(1.,0.,0.));
#63 = FACE_BOUND('',#64,.T.);
#64 = EDGE_LOOP('',(#65,#75,#84,#92,#100,#110,#119,#129,#137,#146,#154,
    #163));
#65 = ORIENTED_EDGE('',*,*,#66,.F.);
#66 = EDGE_CURVE('',#67,#69,#71,.T.);
#67 = VERTEX_POINT('',#68);
#68 = CARTESIAN_POINT('',(-1.760681686166,7.,6.5));
#69 = VERTEX_POINT('',#70);
#70 = CARTESIAN_POINT('',(-6.,7.,6.5));
#71 = LINE('',#72,#73);
#72 = CARTESIAN_POINT('',(20.,7.,6.5));
#73 = VECTOR('',#74,1.);
#74 = DIRECTION('',(-1.,0.,0.));
#75 = ORIENTED_EDGE('',*,*,#76,.T.);
#76 = EDGE_CURVE('',#67,#77,#79,.T.);
#77 = VERTEX_POINT('',#78);
#78 = CARTESIAN_POINT('',(1.760681686166,7.,6.5));
#79 = CIRCLE('',#80,2.05);
#80 = AXIS2_PLACEMENT_3D('',#81,#82,#83);
#81 = CARTESIAN_POINT('',(0.,5.95,6.5));
#82 = DIRECTION('',(0.,0.,-1.));
#83 = DIRECTION('',(1.,0.,0.));
#84 = ORIENTED_EDGE('',*,*,#85,.F.);
#85 = EDGE_CURVE('',#86,#77,#88,.T.);
#86 = VERTEX_POINT('',#87);
#87 = CARTESIAN_POINT('',(20.,7.,6.5));
#88 = LINE('',#89,#90);
#89 = CARTESIAN_POINT('',(20.,7.,6.5));
#90 = VECTOR('',#91,1.);
#91 = DIRECTION('',(-1.,0.,0.));
#92 = ORIENTED_EDGE('',*,*,#93,.F.);
#93 = EDGE_CURVE('',#94,#86,#96,.T.);
#94 = VERTEX_POINT('',#95);
#95 = CARTESIAN_POINT('',(20.,2.3,6.5));
#96 = LINE('',#97,#98);
#97 = CARTESIAN_POINT('',(20.,-3.,6.5));
#98 = VECTOR('',#99,1.);
#99 = DIRECTION('',(0.,1.,0.));
#100 = ORIENTED_EDGE('',*,*,#101,.F.);
#101 = EDGE_CURVE('',#102,#94,#104,.T.);
#102 = VERTEX_POINT('',#103);
#103 = CARTESIAN_POINT('',(2.050000000023,4.5,6.5));
#104 = B_SPLINE_CURVE_WITH_KNOTS('',3,(#105,#106,#107,#108,#109),
  .UNSPECIFIED.,.F.,.F.,(4,1,4),(0.,0.5,1.),.QUASI_UNIFORM_KNOTS.);
#105 = CARTESIAN_POINT('',(2.050000000045,4.5,6.5));
#106 = CARTESIAN_POINT('',(5.727086535612,3.101163202547,6.5));
#107 = CARTESIAN_POINT('',(12.532374,2.24714,6.5));
#108 = CARTESIAN_POINT('',(15.375497825931,2.407647644005,6.5));
#109 = CARTESIAN_POINT('',(20.,2.3,6.5));
#110 = ORIENTED_EDGE('',*,*,#111,.F.);
#111 = EDGE_CURVE('',#112,#102,#114,.T.);
#112 = VERTEX_POINT('',#113);
#113 = CARTESIAN_POINT('',(-2.05,4.5,6.5));
#114 = CIRCLE('',#115,2.05);
#115 = AXIS2_PLACEMENT_3D('',#116,#117,#118);
#116 = CARTESIAN_POINT('',(1.791889343305E-24,4.5,6.5));
#117 = DIRECTION('',(0.,0.,1.));
#118 = DIRECTION('',(1.,0.,0.));
#119 = ORIENTED_EDGE('',*,*,#120,.T.);
#120 = EDGE_CURVE('',#112,#121,#123,.T.);
#121 = VERTEX_POINT('',#122);
#122 = CARTESIAN_POINT('',(20.,-1.7,6.5));
#123 = B_SPLINE_CURVE_WITH_KNOTS('',4,(#124,#125,#126,#127,#128),
  .UNSPECIFIED.,.F.,.F.,(5,5),(0.,1.),.PIECEWISE_BEZIER_KNOTS.);
#124 = CARTESIAN_POINT('',(-2.05,4.5,6.5));
#125 = CARTESIAN_POINT('',(-4.4266555,3.99724975,6.5));
#126 = CARTESIAN_POINT('',(-5.43154,-1.011916,6.5));
#127 = CARTESIAN_POINT('',(1.712309,-1.58551,6.5));
#128 = CARTESIAN_POINT('',(20.,-1.7,6.5));
#129 = ORIENTED_EDGE('',*,*,#130,.F.);
#130 = EDGE_CURVE('',#131,#121,#133,.T.);
#131 = VERTEX_POINT('',#132);
#132 = CARTESIAN_POINT('',(20.,-3.,6.5));
#133 = LINE('',#134,#135);
#134 = CARTESIAN_POINT('',(20.,-3.,6.5));
#135 = VECTOR('',#136,1.);
#136 = DIRECTION('',(0.,1.,0.));
#137 = ORIENTED_EDGE('',*,*,#138,.F.);
#138 = EDGE_CURVE('',#139,#131,#141,.T.);
#139 = VERTEX_POINT('',#140);
#140 = CARTESIAN_POINT('',(19.,-4.,6.5));
#141 = CIRCLE('',#142,1.);
#142 = AXIS2_PLACEMENT_3D('',#143,#144,#145);
#143 = CARTESIAN_POINT('',(19.,-3.,6.5));
#144 = DIRECTION('',(0.,0.,1.));
#145 = DIRECTION('',(1.,0.,0.));
#146 = ORIENTED_EDGE('',*,*,#147,.F.);
#147 = EDGE_CURVE('',#148,#139,#150,.T.);
#148 = VERTEX_POINT('',#149);
#149 = CARTESIAN_POINT('',(-2.,-4.,6.5));
#150 = LINE('',#151,#152);
#151 = CARTESIAN_POINT('',(-2.,-4.,6.5));
#152 = VECTOR('',#153,1.);
#153 = DIRECTION('',(1.,0.,0.));
#154 = ORIENTED_EDGE('',*,*,#155,.F.);
#155 = EDGE_CURVE('',#156,#148,#158,.T.);
#156 = VERTEX_POINT('',#157);
#157 = CARTESIAN_POINT('',(-6.,-5.507064037689E-17,6.5));
#158 = CIRCLE('',#159,4.);
#159 = AXIS2_PLACEMENT_3D('',#160,#161,#162);
#160 = CARTESIAN_POINT('',(-2.,-6.E-16,6.5));
#161 = DIRECTION('',(0.,0.,1.));
#162 = DIRECTION('',(1.,0.,0.));
#163 = ORIENTED_EDGE('',*,*,#164,.F.);
#164 = EDGE_CURVE('',#69,#156,#165,.T.);
#165 = LINE('',#166,#167);
#166 = CARTESIAN_POINT('',(-6.,7.,6.5));
#167 = VECTOR('',#168,1.);
#168 = DIRECTION('',(0.,-1.,0.));
#169 = FACE_BOUND('',#170,.T.);
#170 = EDGE_LOOP('',(#171));
#171 = ORIENTED_EDGE('',*,*,#172,.T.);
#172 = EDGE_CURVE('',#173,#173,#175,.T.);
#173 = VERTEX_POINT('',#174);
#174 = CARTESIAN_POINT('',(-20.55,4.,6.5));
#175 = CIRCLE('',#176,4.45);
#176 = AXIS2_PLACEMENT_3D('',#177,#178,#179);
#177 = CARTESIAN_POINT('',(-25.,4.,6.5));
#178 = DIRECTION('',(0.,0.,-1.));
#179 = DIRECTION('',(1.,0.,0.));
#180 = PLANE('',#181);
#181 = AXIS2_PLACEMENT_3D('',#182,#183,#184);
#182 = CARTESIAN_POINT('',(0.,0.,6.5));
#183 = DIRECTION('',(0.,0.,1.));
#184 = DIRECTION('',(1.,0.,0.));
#185 = ADVANCED_FACE('',(#186),#211,.T.);
#186 = FACE_BOUND('',#187,.F.);
#187 = EDGE_LOOP('',(#188,#189,#197,#205));
#188 = ORIENTED_EDGE('',*,*,#21,.T.);
#189 = ORIENTED_EDGE('',*,*,#190,.T.);
#190 = EDGE_CURVE('',#24,#191,#193,.T.);
#191 = VERTEX_POINT('',#192);
#192 = CARTESIAN_POINT('',(-30.,-9.5,6.));
#193 = LINE('',#194,#195);
#194 = CARTESIAN_POINT('',(-29.75,-9.5,6.25));
#195 = VECTOR('',#196,1.);
#196 = DIRECTION('',(-0.707106781187,-1.346073880468E-15,-0.707106781187
    ));
#197 = ORIENTED_EDGE('',*,*,#198,.F.);
#198 = EDGE_CURVE('',#199,#191,#201,.T.);
#199 = VERTEX_POINT('',#200);
#200 = CARTESIAN_POINT('',(-30.,9.5,6.));
#201 = LINE('',#202,#203);
#202 = CARTESIAN_POINT('',(-30.,10.,6.));
#203 = VECTOR('',#204,1.);
#204 = DIRECTION('',(0.,-1.,0.));
#205 = ORIENTED_EDGE('',*,*,#206,.F.);
#206 = EDGE_CURVE('',#22,#199,#207,.T.);
#207 = LINE('',#208,#209);
#208 = CARTESIAN_POINT('',(-29.75,9.5,6.25));
#209 = VECTOR('',#210,1.);
#210 = DIRECTION('',(-0.707106781187,3.749777238448E-15,-0.707106781187)
  );
#211 = PLANE('',#212);
#212 = AXIS2_PLACEMENT_3D('',#213,#214,#215);
#213 = CARTESIAN_POINT('',(-29.75,10.,6.25));
#214 = DIRECTION('',(-0.707106781187,0.,0.707106781187));
#215 = DIRECTION('',(-0.,1.,-0.));
#216 = ADVANCED_FACE('',(#217),#242,.F.);
#217 = FACE_BOUND('',#218,.F.);
#218 = EDGE_LOOP('',(#219,#220,#228,#236));
#219 = ORIENTED_EDGE('',*,*,#47,.T.);
#220 = ORIENTED_EDGE('',*,*,#221,.F.);
#221 = EDGE_CURVE('',#222,#22,#224,.T.);
#222 = VERTEX_POINT('',#223);
#223 = CARTESIAN_POINT('',(-29.5,10.,6.));
#224 = LINE('',#225,#226);
#225 = CARTESIAN_POINT('',(-29.5,9.875,6.125));
#226 = VECTOR('',#227,1.);
#227 = DIRECTION('',(1.346073880468E-15,-0.707106781187,0.707106781187)
  );
#228 = ORIENTED_EDGE('',*,*,#229,.F.);
#229 = EDGE_CURVE('',#230,#222,#232,.T.);
#230 = VERTEX_POINT('',#231);
#231 = CARTESIAN_POINT('',(29.5,10.,6.));
#232 = LINE('',#233,#234);
#233 = CARTESIAN_POINT('',(30.,10.,6.));
#234 = VECTOR('',#235,1.);
#235 = DIRECTION('',(-1.,0.,0.));
#236 = ORIENTED_EDGE('',*,*,#237,.F.);
#237 = EDGE_CURVE('',#40,#230,#238,.T.);
#238 = LINE('',#239,#240);
#239 = CARTESIAN_POINT('',(29.5,9.75,6.25));
#240 = VECTOR('',#241,1.);
#241 = DIRECTION('',(1.346073880468E-15,0.707106781187,-0.707106781187)
  );
#242 = PLANE('',#243);
#243 = AXIS2_PLACEMENT_3D('',#244,#245,#246);
#244 = CARTESIAN_POINT('',(30.,9.75,6.25));
#245 = DIRECTION('',(0.,-0.707106781187,-0.707106781187));
#246 = DIRECTION('',(-1.,0.,0.));
#247 = ADVANCED_FACE('',(#248),#273,.T.);
#248 = FACE_BOUND('',#249,.F.);
#249 = EDGE_LOOP('',(#250,#258,#259,#267));
#250 = ORIENTED_EDGE('',*,*,#251,.T.);
#251 = EDGE_CURVE('',#252,#24,#254,.T.);
#252 = VERTEX_POINT('',#253);
#253 = CARTESIAN_POINT('',(-29.5,-10.,6.));
#254 = LINE('',#255,#256);
#255 = CARTESIAN_POINT('',(-29.5,-9.875,6.125));
#256 = VECTOR('',#257,1.);
#257 = DIRECTION('',(1.346073880468E-15,0.707106781187,0.707106781187));
#258 = ORIENTED_EDGE('',*,*,#31,.T.);
#259 = ORIENTED_EDGE('',*,*,#260,.T.);
#260 = EDGE_CURVE('',#32,#261,#263,.T.);
#261 = VERTEX_POINT('',#262);
#262 = CARTESIAN_POINT('',(29.5,-10.,6.));
#263 = LINE('',#264,#265);
#264 = CARTESIAN_POINT('',(29.5,-9.75,6.25));
#265 = VECTOR('',#266,1.);
#266 = DIRECTION('',(1.249925746149E-15,-0.707106781187,-0.707106781187)
  );
#267 = ORIENTED_EDGE('',*,*,#268,.F.);
#268 = EDGE_CURVE('',#252,#261,#269,.T.);
#269 = LINE('',#270,#271);
#270 = CARTESIAN_POINT('',(-30.,-10.,6.));
#271 = VECTOR('',#272,1.);
#272 = DIRECTION('',(1.,0.,0.));
#273 = PLANE('',#274);
#274 = AXIS2_PLACEMENT_3D('',#275,#276,#277);
#275 = CARTESIAN_POINT('',(-30.,-9.75,6.25));
#276 = DIRECTION('',(0.,-0.707106781187,0.707106781187));
#277 = DIRECTION('',(-1.,-0.,-0.));
#278 = ADVANCED_FACE('',(#279),#304,.T.);
#279 = FACE_BOUND('',#280,.F.);
#280 = EDGE_LOOP('',(#281,#289,#290,#298));
#281 = ORIENTED_EDGE('',*,*,#282,.T.);
#282 = EDGE_CURVE('',#283,#32,#285,.T.);
#283 = VERTEX_POINT('',#284);
#284 = CARTESIAN_POINT('',(30.,-9.5,6.));
#285 = LINE('',#286,#287);
#286 = CARTESIAN_POINT('',(29.875,-9.5,6.125));
#287 = VECTOR('',#288,1.);
#288 = DIRECTION('',(-0.707106781187,6.249628730747E-15,0.707106781187)
  );
#289 = ORIENTED_EDGE('',*,*,#39,.T.);
#290 = ORIENTED_EDGE('',*,*,#291,.F.);
#291 = EDGE_CURVE('',#292,#40,#294,.T.);
#292 = VERTEX_POINT('',#293);
#293 = CARTESIAN_POINT('',(30.,9.5,6.));
#294 = LINE('',#295,#296);
#295 = CARTESIAN_POINT('',(29.875,9.5,6.125));
#296 = VECTOR('',#297,1.);
#297 = DIRECTION('',(-0.707106781187,-1.346073880468E-15,0.707106781187)
  );
#298 = ORIENTED_EDGE('',*,*,#299,.F.);
#299 = EDGE_CURVE('',#283,#292,#300,.T.);
#300 = LINE('',#301,#302);
#301 = CARTESIAN_POINT('',(30.,-10.,6.));
#302 = VECTOR('',#303,1.);
#303 = DIRECTION('',(0.,1.,0.));
#304 = PLANE('',#305);
#305 = AXIS2_PLACEMENT_3D('',#306,#307,#308);
#306 = CARTESIAN_POINT('',(29.75,-10.,6.25));
#307 = DIRECTION('',(0.707106781187,0.,0.707106781187));
#308 = DIRECTION('',(-0.,-1.,-0.));
#309 = ADVANCED_FACE('',(#310),#329,.F.);
#310 = FACE_BOUND('',#311,.F.);
#311 = EDGE_LOOP('',(#312,#320,#321,#322));
#312 = ORIENTED_EDGE('',*,*,#313,.F.);
#313 = EDGE_CURVE('',#56,#314,#316,.T.);
#314 = VERTEX_POINT('',#315);
#315 = CARTESIAN_POINT('',(27.15,4.,4.2));
#316 = LINE('',#317,#318);
#317 = CARTESIAN_POINT('',(27.15,4.,4.2));
#318 = VECTOR('',#319,1.);
#319 = DIRECTION('',(-0.707106781187,0.,-0.707106781187));
#320 = ORIENTED_EDGE('',*,*,#55,.T.);
#321 = ORIENTED_EDGE('',*,*,#313,.T.);
#322 = ORIENTED_EDGE('',*,*,#323,.F.);
#323 = EDGE_CURVE('',#314,#314,#324,.T.);
#324 = CIRCLE('',#325,2.15);
#325 = AXIS2_PLACEMENT_3D('',#326,#327,#328);
#326 = CARTESIAN_POINT('',(25.,4.,4.2));
#327 = DIRECTION('',(0.,0.,-1.));
#328 = DIRECTION('',(1.,0.,0.));
#329 = CONICAL_SURFACE('',#330,2.15,0.785398163397);
#330 = AXIS2_PLACEMENT_3D('',#331,#332,#333);
#331 = CARTESIAN_POINT('',(25.,4.,4.2));
#332 = DIRECTION('',(0.,0.,1.));
#333 = DIRECTION('',(1.,0.,0.));
#334 = ADVANCED_FACE('',(#335),#360,.F.);
#335 = FACE_BOUND('',#336,.F.);
#336 = EDGE_LOOP('',(#337,#338,#346,#354));
#337 = ORIENTED_EDGE('',*,*,#66,.F.);
#338 = ORIENTED_EDGE('',*,*,#339,.T.);
#339 = EDGE_CURVE('',#67,#340,#342,.T.);
#340 = VERTEX_POINT('',#341);
#341 = CARTESIAN_POINT('',(-1.760681686166,7.,3.499999999907));
#342 = LINE('',#343,#344);
#343 = CARTESIAN_POINT('',(-1.760681686166,7.,0.));
#344 = VECTOR('',#345,1.);
#345 = DIRECTION('',(-0.,-0.,-1.));
#346 = ORIENTED_EDGE('',*,*,#347,.F.);
#347 = EDGE_CURVE('',#348,#340,#350,.T.);
#348 = VERTEX_POINT('',#349);
#349 = CARTESIAN_POINT('',(-6.,7.,3.499999999907));
#350 = LINE('',#351,#352);
#351 = CARTESIAN_POINT('',(7.,7.,3.499999999907));
#352 = VECTOR('',#353,1.);
#353 = DIRECTION('',(1.,0.,0.));
#354 = ORIENTED_EDGE('',*,*,#355,.F.);
#355 = EDGE_CURVE('',#69,#348,#356,.T.);
#356 = LINE('',#357,#358);
#357 = CARTESIAN_POINT('',(-6.,7.,6.5));
#358 = VECTOR('',#359,1.);
#359 = DIRECTION('',(-0.,-0.,-1.));
#360 = PLANE('',#361);
#361 = AXIS2_PLACEMENT_3D('',#362,#363,#364);
#362 = CARTESIAN_POINT('',(20.,7.,6.5));
#363 = DIRECTION('',(0.,1.,0.));
#364 = DIRECTION('',(-1.,0.,0.));
#365 = ADVANCED_FACE('',(#366),#394,.F.);
#366 = FACE_BOUND('',#367,.T.);
#367 = EDGE_LOOP('',(#368,#369,#378,#387,#393));
#368 = ORIENTED_EDGE('',*,*,#339,.T.);
#369 = ORIENTED_EDGE('',*,*,#370,.T.);
#370 = EDGE_CURVE('',#340,#371,#373,.T.);
#371 = VERTEX_POINT('',#372);
#372 = CARTESIAN_POINT('',(5.170353472561E-14,8.,3.499999999953));
#373 = CIRCLE('',#374,2.05);
#374 = AXIS2_PLACEMENT_3D('',#375,#376,#377);
#375 = CARTESIAN_POINT('',(0.,5.95,3.499999999907));
#376 = DIRECTION('',(0.,0.,-1.));
#377 = DIRECTION('',(1.,0.,0.));
#378 = ORIENTED_EDGE('',*,*,#379,.T.);
#379 = EDGE_CURVE('',#371,#380,#382,.T.);
#380 = VERTEX_POINT('',#381);
#381 = CARTESIAN_POINT('',(1.760681686166,7.,3.499999999907));
#382 = CIRCLE('',#383,2.05);
#383 = AXIS2_PLACEMENT_3D('',#384,#385,#386);
#384 = CARTESIAN_POINT('',(0.,5.95,3.499999999907));
#385 = DIRECTION('',(0.,0.,-1.));
#386 = DIRECTION('',(1.,0.,0.));
#387 = ORIENTED_EDGE('',*,*,#388,.F.);
#388 = EDGE_CURVE('',#77,#380,#389,.T.);
#389 = LINE('',#390,#391);
#390 = CARTESIAN_POINT('',(1.760681686166,7.,0.));
#391 = VECTOR('',#392,1.);
#392 = DIRECTION('',(-0.,-0.,-1.));
#393 = ORIENTED_EDGE('',*,*,#76,.F.);
#394 = CYLINDRICAL_SURFACE('',#395,2.05);
#395 = AXIS2_PLACEMENT_3D('',#396,#397,#398);
#396 = CARTESIAN_POINT('',(0.,5.95,0.));
#397 = DIRECTION('',(-0.,-0.,-1.));
#398 = DIRECTION('',(1.,0.,0.));
#399 = ADVANCED_FACE('',(#400),#418,.F.);
#400 = FACE_BOUND('',#401,.F.);
#401 = EDGE_LOOP('',(#402,#403,#411,#417));
#402 = ORIENTED_EDGE('',*,*,#85,.F.);
#403 = ORIENTED_EDGE('',*,*,#404,.T.);
#404 = EDGE_CURVE('',#86,#405,#407,.T.);
#405 = VERTEX_POINT('',#406);
#406 = CARTESIAN_POINT('',(20.,7.,3.499999999907));
#407 = LINE('',#408,#409);
#408 = CARTESIAN_POINT('',(20.,7.,6.5));
#409 = VECTOR('',#410,1.);
#410 = DIRECTION('',(-0.,-0.,-1.));
#411 = ORIENTED_EDGE('',*,*,#412,.F.);
#412 = EDGE_CURVE('',#380,#405,#413,.T.);
#413 = LINE('',#414,#415);
#414 = CARTESIAN_POINT('',(7.,7.,3.499999999907));
#415 = VECTOR('',#416,1.);
#416 = DIRECTION('',(1.,0.,0.));
#417 = ORIENTED_EDGE('',*,*,#388,.F.);
#418 = PLANE('',#419);
#419 = AXIS2_PLACEMENT_3D('',#420,#421,#422);
#420 = CARTESIAN_POINT('',(20.,7.,6.5));
#421 = DIRECTION('',(0.,1.,0.));
#422 = DIRECTION('',(-1.,0.,0.));
#423 = ADVANCED_FACE('',(#424),#637,.T.);
#424 = FACE_BOUND('',#425,.T.);
#425 = EDGE_LOOP('',(#426,#434,#435,#443,#451,#457,#458,#459,#467,#475,
    #484,#493,#502,#511,#519,#527,#535,#543,#551,#559,#567,#575,#583,
    #591,#599,#607,#615,#623,#631));
#426 = ORIENTED_EDGE('',*,*,#427,.F.);
#427 = EDGE_CURVE('',#131,#428,#430,.T.);
#428 = VERTEX_POINT('',#429);
#429 = CARTESIAN_POINT('',(20.,-3.,3.499999999907));
#430 = LINE('',#431,#432);
#431 = CARTESIAN_POINT('',(20.,-3.,6.5));
#432 = VECTOR('',#433,1.);
#433 = DIRECTION('',(-0.,-0.,-1.));
#434 = ORIENTED_EDGE('',*,*,#130,.T.);
#435 = ORIENTED_EDGE('',*,*,#436,.T.);
#436 = EDGE_CURVE('',#121,#437,#439,.T.);
#437 = VERTEX_POINT('',#438);
#438 = CARTESIAN_POINT('',(20.,-1.7,3.9));
#439 = LINE('',#440,#441);
#440 = CARTESIAN_POINT('',(20.,-1.7,6.5));
#441 = VECTOR('',#442,1.);
#442 = DIRECTION('',(-0.,-0.,-1.));
#443 = ORIENTED_EDGE('',*,*,#444,.T.);
#444 = EDGE_CURVE('',#437,#445,#447,.T.);
#445 = VERTEX_POINT('',#446);
#446 = CARTESIAN_POINT('',(20.,2.3,3.9));
#447 = LINE('',#448,#449);
#448 = CARTESIAN_POINT('',(20.,-1.7,3.9));
#449 = VECTOR('',#450,1.);
#450 = DIRECTION('',(0.,1.,0.));
#451 = ORIENTED_EDGE('',*,*,#452,.F.);
#452 = EDGE_CURVE('',#94,#445,#453,.T.);
#453 = LINE('',#454,#455);
#454 = CARTESIAN_POINT('',(20.,2.3,6.5));
#455 = VECTOR('',#456,1.);
#456 = DIRECTION('',(-0.,-0.,-1.));
#457 = ORIENTED_EDGE('',*,*,#93,.T.);
#458 = ORIENTED_EDGE('',*,*,#404,.T.);
#459 = ORIENTED_EDGE('',*,*,#460,.F.);
#460 = EDGE_CURVE('',#461,#405,#463,.T.);
#461 = VERTEX_POINT('',#462);
#462 = CARTESIAN_POINT('',(20.,10.,3.5));
#463 = LINE('',#464,#465);
#464 = CARTESIAN_POINT('',(20.,10.,3.499999999907));
#465 = VECTOR('',#466,1.);
#466 = DIRECTION('',(0.,-1.,2.22044604925E-16));
#467 = ORIENTED_EDGE('',*,*,#468,.F.);
#468 = EDGE_CURVE('',#469,#461,#471,.T.);
#469 = VERTEX_POINT('',#470);
#470 = CARTESIAN_POINT('',(20.,10.,3.));
#471 = LINE('',#472,#473);
#472 = CARTESIAN_POINT('',(20.,10.,0.999999999907));
#473 = VECTOR('',#474,1.);
#474 = DIRECTION('',(0.,2.22044604925E-16,1.));
#475 = ORIENTED_EDGE('',*,*,#476,.F.);
#476 = EDGE_CURVE('',#477,#469,#479,.T.);
#477 = VERTEX_POINT('',#478);
#478 = CARTESIAN_POINT('',(20.,7.171572875221,0.999999999907));
#479 = CIRCLE('',#480,3.);
#480 = AXIS2_PLACEMENT_3D('',#481,#482,#483);
#481 = CARTESIAN_POINT('',(20.,10.,0.));
#482 = DIRECTION('',(-1.,0.,0.));
#483 = DIRECTION('',(0.,1.,0.));
#484 = ORIENTED_EDGE('',*,*,#485,.F.);
#485 = EDGE_CURVE('',#486,#477,#488,.T.);
#486 = VERTEX_POINT('',#487);
#487 = CARTESIAN_POINT('',(20.,7.,0.));
#488 = CIRCLE('',#489,3.);
#489 = AXIS2_PLACEMENT_3D('',#490,#491,#492);
#490 = CARTESIAN_POINT('',(20.,10.,0.));
#491 = DIRECTION('',(-1.,0.,0.));
#492 = DIRECTION('',(0.,1.,0.));
#493 = ORIENTED_EDGE('',*,*,#494,.T.);
#494 = EDGE_CURVE('',#486,#495,#497,.T.);
#495 = VERTEX_POINT('',#496);
#496 = CARTESIAN_POINT('',(20.,7.171572875221,-0.999999999907));
#497 = CIRCLE('',#498,3.);
#498 = AXIS2_PLACEMENT_3D('',#499,#500,#501);
#499 = CARTESIAN_POINT('',(20.,10.,0.));
#500 = DIRECTION('',(1.,0.,0.));
#501 = DIRECTION('',(0.,1.,0.));
#502 = ORIENTED_EDGE('',*,*,#503,.T.);
#503 = EDGE_CURVE('',#495,#504,#506,.T.);
#504 = VERTEX_POINT('',#505);
#505 = CARTESIAN_POINT('',(20.,10.,-3.));
#506 = CIRCLE('',#507,3.);
#507 = AXIS2_PLACEMENT_3D('',#508,#509,#510);
#508 = CARTESIAN_POINT('',(20.,10.,0.));
#509 = DIRECTION('',(1.,0.,0.));
#510 = DIRECTION('',(0.,1.,0.));
#511 = ORIENTED_EDGE('',*,*,#512,.T.);
#512 = EDGE_CURVE('',#504,#513,#515,.T.);
#513 = VERTEX_POINT('',#514);
#514 = CARTESIAN_POINT('',(20.,10.,-3.5));
#515 = LINE('',#516,#517);
#516 = CARTESIAN_POINT('',(20.,10.,-0.999999999907));
#517 = VECTOR('',#518,1.);
#518 = DIRECTION('',(-0.,2.22044604925E-16,-1.));
#519 = ORIENTED_EDGE('',*,*,#520,.T.);
#520 = EDGE_CURVE('',#513,#521,#523,.T.);
#521 = VERTEX_POINT('',#522);
#522 = CARTESIAN_POINT('',(20.,7.,-3.499999999907));
#523 = LINE('',#524,#525);
#524 = CARTESIAN_POINT('',(20.,10.,-3.499999999907));
#525 = VECTOR('',#526,1.);
#526 = DIRECTION('',(-0.,-1.,-2.22044604925E-16));
#527 = ORIENTED_EDGE('',*,*,#528,.F.);
#528 = EDGE_CURVE('',#529,#521,#531,.T.);
#529 = VERTEX_POINT('',#530);
#530 = CARTESIAN_POINT('',(20.,7.,-6.5));
#531 = LINE('',#532,#533);
#532 = CARTESIAN_POINT('',(20.,7.,-6.5));
#533 = VECTOR('',#534,1.);
#534 = DIRECTION('',(0.,0.,1.));
#535 = ORIENTED_EDGE('',*,*,#536,.F.);
#536 = EDGE_CURVE('',#537,#529,#539,.T.);
#537 = VERTEX_POINT('',#538);
#538 = CARTESIAN_POINT('',(20.,2.3,-6.5));
#539 = LINE('',#540,#541);
#540 = CARTESIAN_POINT('',(20.,-3.,-6.5));
#541 = VECTOR('',#542,1.);
#542 = DIRECTION('',(0.,1.,0.));
#543 = ORIENTED_EDGE('',*,*,#544,.T.);
#544 = EDGE_CURVE('',#537,#545,#547,.T.);
#545 = VERTEX_POINT('',#546);
#546 = CARTESIAN_POINT('',(20.,2.3,-3.9));
#547 = LINE('',#548,#549);
#548 = CARTESIAN_POINT('',(20.,2.3,-6.5));
#549 = VECTOR('',#550,1.);
#550 = DIRECTION('',(0.,0.,1.));
#551 = ORIENTED_EDGE('',*,*,#552,.F.);
#552 = EDGE_CURVE('',#553,#545,#555,.T.);
#553 = VERTEX_POINT('',#554);
#554 = CARTESIAN_POINT('',(20.,-1.7,-3.9));
#555 = LINE('',#556,#557);
#556 = CARTESIAN_POINT('',(20.,-1.7,-3.9));
#557 = VECTOR('',#558,1.);
#558 = DIRECTION('',(0.,1.,0.));
#559 = ORIENTED_EDGE('',*,*,#560,.F.);
#560 = EDGE_CURVE('',#561,#553,#563,.T.);
#561 = VERTEX_POINT('',#562);
#562 = CARTESIAN_POINT('',(20.,-1.7,-6.5));
#563 = LINE('',#564,#565);
#564 = CARTESIAN_POINT('',(20.,-1.7,-6.5));
#565 = VECTOR('',#566,1.);
#566 = DIRECTION('',(0.,0.,1.));
#567 = ORIENTED_EDGE('',*,*,#568,.F.);
#568 = EDGE_CURVE('',#569,#561,#571,.T.);
#569 = VERTEX_POINT('',#570);
#570 = CARTESIAN_POINT('',(20.,-3.,-6.5));
#571 = LINE('',#572,#573);
#572 = CARTESIAN_POINT('',(20.,-3.,-6.5));
#573 = VECTOR('',#574,1.);
#574 = DIRECTION('',(0.,1.,0.));
#575 = ORIENTED_EDGE('',*,*,#576,.T.);
#576 = EDGE_CURVE('',#569,#577,#579,.T.);
#577 = VERTEX_POINT('',#578);
#578 = CARTESIAN_POINT('',(20.,-3.,-3.499999999907));
#579 = LINE('',#580,#581);
#580 = CARTESIAN_POINT('',(20.,-3.,-6.5));
#581 = VECTOR('',#582,1.);
#582 = DIRECTION('',(0.,0.,1.));
#583 = ORIENTED_EDGE('',*,*,#584,.T.);
#584 = EDGE_CURVE('',#577,#585,#587,.T.);
#585 = VERTEX_POINT('',#586);
#586 = CARTESIAN_POINT('',(20.,-5.,-3.499999999907));
#587 = LINE('',#588,#589);
#588 = CARTESIAN_POINT('',(20.,10.,-3.499999999907));
#589 = VECTOR('',#590,1.);
#590 = DIRECTION('',(-0.,-1.,-2.22044604925E-16));
#591 = ORIENTED_EDGE('',*,*,#592,.F.);
#592 = EDGE_CURVE('',#593,#585,#595,.T.);
#593 = VERTEX_POINT('',#594);
#594 = CARTESIAN_POINT('',(20.,-5.,-0.999999999907));
#595 = LINE('',#596,#597);
#596 = CARTESIAN_POINT('',(20.,-5.,-0.999999999907));
#597 = VECTOR('',#598,1.);
#598 = DIRECTION('',(-0.,2.22044604925E-16,-1.));
#599 = ORIENTED_EDGE('',*,*,#600,.F.);
#600 = EDGE_CURVE('',#601,#593,#603,.T.);
#601 = VERTEX_POINT('',#602);
#602 = CARTESIAN_POINT('',(20.,6.,-0.999999999907));
#603 = LINE('',#604,#605);
#604 = CARTESIAN_POINT('',(20.,10.,-0.999999999907));
#605 = VECTOR('',#606,1.);
#606 = DIRECTION('',(-0.,-1.,-2.22044604925E-16));
#607 = ORIENTED_EDGE('',*,*,#608,.F.);
#608 = EDGE_CURVE('',#609,#601,#611,.T.);
#609 = VERTEX_POINT('',#610);
#610 = CARTESIAN_POINT('',(20.,6.,0.999999999907));
#611 = LINE('',#612,#613);
#612 = CARTESIAN_POINT('',(20.,6.,-4.440892098501E-16));
#613 = VECTOR('',#614,1.);
#614 = DIRECTION('',(0.,2.22044604925E-16,-1.));
#615 = ORIENTED_EDGE('',*,*,#616,.T.);
#616 = EDGE_CURVE('',#609,#617,#619,.T.);
#617 = VERTEX_POINT('',#618);
#618 = CARTESIAN_POINT('',(20.,-5.,0.999999999907));
#619 = LINE('',#620,#621);
#620 = CARTESIAN_POINT('',(20.,10.,0.999999999907));
#621 = VECTOR('',#622,1.);
#622 = DIRECTION('',(0.,-1.,2.22044604925E-16));
#623 = ORIENTED_EDGE('',*,*,#624,.T.);
#624 = EDGE_CURVE('',#617,#625,#627,.T.);
#625 = VERTEX_POINT('',#626);
#626 = CARTESIAN_POINT('',(20.,-5.,3.499999999907));
#627 = LINE('',#628,#629);
#628 = CARTESIAN_POINT('',(20.,-5.,0.999999999907));
#629 = VECTOR('',#630,1.);
#630 = DIRECTION('',(0.,2.22044604925E-16,1.));
#631 = ORIENTED_EDGE('',*,*,#632,.F.);
#632 = EDGE_CURVE('',#428,#625,#633,.T.);
#633 = LINE('',#634,#635);
#634 = CARTESIAN_POINT('',(20.,10.,3.499999999907));
#635 = VECTOR('',#636,1.);
#636 = DIRECTION('',(0.,-1.,2.22044604925E-16));
#637 = PLANE('',#638);
#638 = AXIS2_PLACEMENT_3D('',#639,#640,#641);
#639 = CARTESIAN_POINT('',(20.,2.02786428679,-2.903429905639E-17));
#640 = DIRECTION('',(-1.,-0.,-0.));
#641 = DIRECTION('',(0.,0.,-1.));
#642 = ADVANCED_FACE('',(#643),#663,.F.);
#643 = FACE_BOUND('',#644,.F.);
#644 = EDGE_LOOP('',(#645,#653,#661,#662));
#645 = ORIENTED_EDGE('',*,*,#646,.T.);
#646 = EDGE_CURVE('',#102,#647,#649,.T.);
#647 = VERTEX_POINT('',#648);
#648 = CARTESIAN_POINT('',(2.050000000023,4.5,3.9));
#649 = LINE('',#650,#651);
#650 = CARTESIAN_POINT('',(2.050000000023,4.5,6.5));
#651 = VECTOR('',#652,1.);
#652 = DIRECTION('',(-0.,-0.,-1.));
#653 = ORIENTED_EDGE('',*,*,#654,.T.);
#654 = EDGE_CURVE('',#647,#445,#655,.T.);
#655 = B_SPLINE_CURVE_WITH_KNOTS('',3,(#656,#657,#658,#659,#660),
  .UNSPECIFIED.,.F.,.F.,(4,1,4),(0.,0.5,1.),.QUASI_UNIFORM_KNOTS.);
#656 = CARTESIAN_POINT('',(2.050000000045,4.5,3.9));
#657 = CARTESIAN_POINT('',(5.727086535612,3.101163202547,3.9));
#658 = CARTESIAN_POINT('',(12.532374,2.24714,3.9));
#659 = CARTESIAN_POINT('',(15.375497825931,2.407647644005,3.9));
#660 = CARTESIAN_POINT('',(20.,2.3,3.9));
#661 = ORIENTED_EDGE('',*,*,#452,.F.);
#662 = ORIENTED_EDGE('',*,*,#101,.F.);
#663 = SURFACE_OF_LINEAR_EXTRUSION('',#664,#670);
#664 = B_SPLINE_CURVE_WITH_KNOTS('',3,(#665,#666,#667,#668,#669),
  .UNSPECIFIED.,.F.,.F.,(4,1,4),(0.,0.5,1.),.QUASI_UNIFORM_KNOTS.);
#665 = CARTESIAN_POINT('',(2.050000000045,4.5,6.5));
#666 = CARTESIAN_POINT('',(5.727086535612,3.101163202547,6.5));
#667 = CARTESIAN_POINT('',(12.532374,2.24714,6.5));
#668 = CARTESIAN_POINT('',(15.375497825931,2.407647644005,6.5));
#669 = CARTESIAN_POINT('',(20.,2.3,6.5));
#670 = VECTOR('',#671,1.);
#671 = DIRECTION('',(0.,0.,1.));
#672 = ADVANCED_FACE('',(#673),#692,.F.);
#673 = FACE_BOUND('',#674,.F.);
#674 = EDGE_LOOP('',(#675,#683,#690,#691));
#675 = ORIENTED_EDGE('',*,*,#676,.T.);
#676 = EDGE_CURVE('',#112,#677,#679,.T.);
#677 = VERTEX_POINT('',#678);
#678 = CARTESIAN_POINT('',(-2.05,4.5,3.9));
#679 = LINE('',#680,#681);
#680 = CARTESIAN_POINT('',(-2.05,4.5,6.5));
#681 = VECTOR('',#682,1.);
#682 = DIRECTION('',(-0.,-0.,-1.));
#683 = ORIENTED_EDGE('',*,*,#684,.T.);
#684 = EDGE_CURVE('',#677,#647,#685,.T.);
#685 = CIRCLE('',#686,2.05);
#686 = AXIS2_PLACEMENT_3D('',#687,#688,#689);
#687 = CARTESIAN_POINT('',(1.791889343305E-24,4.5,3.9));
#688 = DIRECTION('',(0.,0.,1.));
#689 = DIRECTION('',(1.,0.,0.));
#690 = ORIENTED_EDGE('',*,*,#646,.F.);
#691 = ORIENTED_EDGE('',*,*,#111,.F.);
#692 = CYLINDRICAL_SURFACE('',#693,2.05);
#693 = AXIS2_PLACEMENT_3D('',#694,#695,#696);
#694 = CARTESIAN_POINT('',(1.791889343305E-24,4.5,6.5));
#695 = DIRECTION('',(0.,0.,1.));
#696 = DIRECTION('',(1.,0.,0.));
#697 = ADVANCED_FACE('',(#698),#711,.T.);
#698 = FACE_BOUND('',#699,.T.);
#699 = EDGE_LOOP('',(#700,#701,#709,#710));
#700 = ORIENTED_EDGE('',*,*,#676,.T.);
#701 = ORIENTED_EDGE('',*,*,#702,.T.);
#702 = EDGE_CURVE('',#677,#437,#703,.T.);
#703 = B_SPLINE_CURVE_WITH_KNOTS('',4,(#704,#705,#706,#707,#708),
  .UNSPECIFIED.,.F.,.F.,(5,5),(0.,1.),.PIECEWISE_BEZIER_KNOTS.);
#704 = CARTESIAN_POINT('',(-2.05,4.5,3.9));
#705 = CARTESIAN_POINT('',(-4.4266555,3.99724975,3.9));
#706 = CARTESIAN_POINT('',(-5.43154,-1.011916,3.9));
#707 = CARTESIAN_POINT('',(1.712309,-1.58551,3.9));
#708 = CARTESIAN_POINT('',(20.,-1.7,3.9));
#709 = ORIENTED_EDGE('',*,*,#436,.F.);
#710 = ORIENTED_EDGE('',*,*,#120,.F.);
#711 = SURFACE_OF_LINEAR_EXTRUSION('',#712,#718);
#712 = B_SPLINE_CURVE_WITH_KNOTS('',4,(#713,#714,#715,#716,#717),
  .UNSPECIFIED.,.F.,.F.,(5,5),(0.,1.),.PIECEWISE_BEZIER_KNOTS.);
#713 = CARTESIAN_POINT('',(-2.05,4.5,6.5));
#714 = CARTESIAN_POINT('',(-4.4266555,3.99724975,6.5));
#715 = CARTESIAN_POINT('',(-5.43154,-1.011916,6.5));
#716 = CARTESIAN_POINT('',(1.712309,-1.58551,6.5));
#717 = CARTESIAN_POINT('',(20.,-1.7,6.5));
#718 = VECTOR('',#719,1.);
#719 = DIRECTION('',(0.,0.,1.));
#720 = ADVANCED_FACE('',(#721),#740,.F.);
#721 = FACE_BOUND('',#722,.F.);
#722 = EDGE_LOOP('',(#723,#724,#732,#739));
#723 = ORIENTED_EDGE('',*,*,#138,.F.);
#724 = ORIENTED_EDGE('',*,*,#725,.T.);
#725 = EDGE_CURVE('',#139,#726,#728,.T.);
#726 = VERTEX_POINT('',#727);
#727 = CARTESIAN_POINT('',(19.,-4.,3.499999999907));
#728 = LINE('',#729,#730);
#729 = CARTESIAN_POINT('',(19.,-4.,6.5));
#730 = VECTOR('',#731,1.);
#731 = DIRECTION('',(-0.,-0.,-1.));
#732 = ORIENTED_EDGE('',*,*,#733,.T.);
#733 = EDGE_CURVE('',#726,#428,#734,.T.);
#734 = CIRCLE('',#735,1.);
#735 = AXIS2_PLACEMENT_3D('',#736,#737,#738);
#736 = CARTESIAN_POINT('',(19.,-3.,3.499999999907));
#737 = DIRECTION('',(0.,0.,1.));
#738 = DIRECTION('',(1.,0.,0.));
#739 = ORIENTED_EDGE('',*,*,#427,.F.);
#740 = CYLINDRICAL_SURFACE('',#741,1.);
#741 = AXIS2_PLACEMENT_3D('',#742,#743,#744);
#742 = CARTESIAN_POINT('',(19.,-3.,6.5));
#743 = DIRECTION('',(0.,0.,1.));
#744 = DIRECTION('',(1.,0.,0.));
#745 = ADVANCED_FACE('',(#746),#764,.F.);
#746 = FACE_BOUND('',#747,.F.);
#747 = EDGE_LOOP('',(#748,#749,#757,#763));
#748 = ORIENTED_EDGE('',*,*,#147,.F.);
#749 = ORIENTED_EDGE('',*,*,#750,.T.);
#750 = EDGE_CURVE('',#148,#751,#753,.T.);
#751 = VERTEX_POINT('',#752);
#752 = CARTESIAN_POINT('',(-2.,-4.,3.499999999907));
#753 = LINE('',#754,#755);
#754 = CARTESIAN_POINT('',(-2.,-4.,6.5));
#755 = VECTOR('',#756,1.);
#756 = DIRECTION('',(-0.,-0.,-1.));
#757 = ORIENTED_EDGE('',*,*,#758,.F.);
#758 = EDGE_CURVE('',#726,#751,#759,.T.);
#759 = LINE('',#760,#761);
#760 = CARTESIAN_POINT('',(-4.,-4.,3.499999999907));
#761 = VECTOR('',#762,1.);
#762 = DIRECTION('',(-1.,0.,0.));
#763 = ORIENTED_EDGE('',*,*,#725,.F.);
#764 = PLANE('',#765);
#765 = AXIS2_PLACEMENT_3D('',#766,#767,#768);
#766 = CARTESIAN_POINT('',(-2.,-4.,6.5));
#767 = DIRECTION('',(0.,-1.,0.));
#768 = DIRECTION('',(1.,0.,0.));
#769 = ADVANCED_FACE('',(#770),#789,.F.);
#770 = FACE_BOUND('',#771,.F.);
#771 = EDGE_LOOP('',(#772,#773,#781,#788));
#772 = ORIENTED_EDGE('',*,*,#155,.F.);
#773 = ORIENTED_EDGE('',*,*,#774,.T.);
#774 = EDGE_CURVE('',#156,#775,#777,.T.);
#775 = VERTEX_POINT('',#776);
#776 = CARTESIAN_POINT('',(-6.,-2.753532018845E-17,3.499999999907));
#777 = LINE('',#778,#779);
#778 = CARTESIAN_POINT('',(-6.,-5.507064037689E-17,6.5));
#779 = VECTOR('',#780,1.);
#780 = DIRECTION('',(-0.,-0.,-1.));
#781 = ORIENTED_EDGE('',*,*,#782,.T.);
#782 = EDGE_CURVE('',#775,#751,#783,.T.);
#783 = CIRCLE('',#784,4.);
#784 = AXIS2_PLACEMENT_3D('',#785,#786,#787);
#785 = CARTESIAN_POINT('',(-2.,-6.E-16,3.499999999907));
#786 = DIRECTION('',(0.,0.,1.));
#787 = DIRECTION('',(1.,0.,0.));
#788 = ORIENTED_EDGE('',*,*,#750,.F.);
#789 = CYLINDRICAL_SURFACE('',#790,4.);
#790 = AXIS2_PLACEMENT_3D('',#791,#792,#793);
#791 = CARTESIAN_POINT('',(-2.,-6.E-16,6.5));
#792 = DIRECTION('',(0.,0.,1.));
#793 = DIRECTION('',(1.,0.,0.));
#794 = ADVANCED_FACE('',(#795),#838,.T.);
#795 = FACE_BOUND('',#796,.T.);
#796 = EDGE_LOOP('',(#797,#798,#799,#807,#815,#823,#831,#837));
#797 = ORIENTED_EDGE('',*,*,#164,.T.);
#798 = ORIENTED_EDGE('',*,*,#774,.T.);
#799 = ORIENTED_EDGE('',*,*,#800,.T.);
#800 = EDGE_CURVE('',#775,#801,#803,.T.);
#801 = VERTEX_POINT('',#802);
#802 = CARTESIAN_POINT('',(-6.,-5.,3.499999999907));
#803 = LINE('',#804,#805);
#804 = CARTESIAN_POINT('',(-6.,10.,3.499999999907));
#805 = VECTOR('',#806,1.);
#806 = DIRECTION('',(0.,-1.,2.22044604925E-16));
#807 = ORIENTED_EDGE('',*,*,#808,.F.);
#808 = EDGE_CURVE('',#809,#801,#811,.T.);
#809 = VERTEX_POINT('',#810);
#810 = CARTESIAN_POINT('',(-6.,-5.,3.299999999912));
#811 = LINE('',#812,#813);
#812 = CARTESIAN_POINT('',(-6.,-5.,3.299999999912));
#813 = VECTOR('',#814,1.);
#814 = DIRECTION('',(0.,2.22044604925E-16,1.));
#815 = ORIENTED_EDGE('',*,*,#816,.F.);
#816 = EDGE_CURVE('',#817,#809,#819,.T.);
#817 = VERTEX_POINT('',#818);
#818 = CARTESIAN_POINT('',(-6.,10.,3.299999999912));
#819 = LINE('',#820,#821);
#820 = CARTESIAN_POINT('',(-6.,10.,3.299999999912));
#821 = VECTOR('',#822,1.);
#822 = DIRECTION('',(0.,-1.,2.22044604925E-16));
#823 = ORIENTED_EDGE('',*,*,#824,.T.);
#824 = EDGE_CURVE('',#817,#825,#827,.T.);
#825 = VERTEX_POINT('',#826);
#826 = CARTESIAN_POINT('',(-6.,10.,3.499999999907));
#827 = LINE('',#828,#829);
#828 = CARTESIAN_POINT('',(-6.,10.,3.299999999912));
#829 = VECTOR('',#830,1.);
#830 = DIRECTION('',(0.,2.22044604925E-16,1.));
#831 = ORIENTED_EDGE('',*,*,#832,.T.);
#832 = EDGE_CURVE('',#825,#348,#833,.T.);
#833 = LINE('',#834,#835);
#834 = CARTESIAN_POINT('',(-6.,10.,3.499999999907));
#835 = VECTOR('',#836,1.);
#836 = DIRECTION('',(0.,-1.,2.22044604925E-16));
#837 = ORIENTED_EDGE('',*,*,#355,.F.);
#838 = PLANE('',#839);
#839 = AXIS2_PLACEMENT_3D('',#840,#841,#842);
#840 = CARTESIAN_POINT('',(-6.,2.664835164839,4.240659340598));
#841 = DIRECTION('',(1.,0.,0.));
#842 = DIRECTION('',(0.,0.,1.));
#843 = ADVANCED_FACE('',(#844),#863,.F.);
#844 = FACE_BOUND('',#845,.F.);
#845 = EDGE_LOOP('',(#846,#854,#855,#856));
#846 = ORIENTED_EDGE('',*,*,#847,.F.);
#847 = EDGE_CURVE('',#173,#848,#850,.T.);
#848 = VERTEX_POINT('',#849);
#849 = CARTESIAN_POINT('',(-22.85,4.,4.2));
#850 = LINE('',#851,#852);
#851 = CARTESIAN_POINT('',(-22.85,4.,4.2));
#852 = VECTOR('',#853,1.);
#853 = DIRECTION('',(-0.707106781187,0.,-0.707106781187));
#854 = ORIENTED_EDGE('',*,*,#172,.T.);
#855 = ORIENTED_EDGE('',*,*,#847,.T.);
#856 = ORIENTED_EDGE('',*,*,#857,.F.);
#857 = EDGE_CURVE('',#848,#848,#858,.T.);
#858 = CIRCLE('',#859,2.15);
#859 = AXIS2_PLACEMENT_3D('',#860,#861,#862);
#860 = CARTESIAN_POINT('',(-25.,4.,4.2));
#861 = DIRECTION('',(0.,0.,-1.));
#862 = DIRECTION('',(1.,0.,0.));
#863 = CONICAL_SURFACE('',#864,2.15,0.785398163397);
#864 = AXIS2_PLACEMENT_3D('',#865,#866,#867);
#865 = CARTESIAN_POINT('',(-25.,4.,4.2));
#866 = DIRECTION('',(0.,0.,1.));
#867 = DIRECTION('',(1.,0.,0.));
#868 = ADVANCED_FACE('',(#869),#879,.T.);
#869 = FACE_BOUND('',#870,.T.);
#870 = EDGE_LOOP('',(#871,#872,#878));
#871 = ORIENTED_EDGE('',*,*,#221,.F.);
#872 = ORIENTED_EDGE('',*,*,#873,.T.);
#873 = EDGE_CURVE('',#222,#199,#874,.T.);
#874 = LINE('',#875,#876);
#875 = CARTESIAN_POINT('',(-29.625,9.875,6.));
#876 = VECTOR('',#877,1.);
#877 = DIRECTION('',(-0.707106781187,-0.707106781187,2.403703357979E-15)
  );
#878 = ORIENTED_EDGE('',*,*,#206,.F.);
#879 = PLANE('',#880);
#880 = AXIS2_PLACEMENT_3D('',#881,#882,#883);
#881 = CARTESIAN_POINT('',(-29.5,10.,6.));
#882 = DIRECTION('',(-0.57735026919,0.57735026919,0.57735026919));
#883 = DIRECTION('',(-0.707106781187,2.498001805407E-15,-0.707106781187)
  );
#884 = ADVANCED_FACE('',(#885),#895,.F.);
#885 = FACE_BOUND('',#886,.F.);
#886 = EDGE_LOOP('',(#887,#888,#894));
#887 = ORIENTED_EDGE('',*,*,#251,.F.);
#888 = ORIENTED_EDGE('',*,*,#889,.T.);
#889 = EDGE_CURVE('',#252,#191,#890,.T.);
#890 = LINE('',#891,#892);
#891 = CARTESIAN_POINT('',(-29.625,-9.875,6.));
#892 = VECTOR('',#893,1.);
#893 = DIRECTION('',(-0.707106781187,0.707106781187,0.));
#894 = ORIENTED_EDGE('',*,*,#190,.F.);
#895 = PLANE('',#896);
#896 = AXIS2_PLACEMENT_3D('',#897,#898,#899);
#897 = CARTESIAN_POINT('',(-29.5,-10.,6.));
#898 = DIRECTION('',(0.57735026919,0.57735026919,-0.57735026919));
#899 = DIRECTION('',(-0.707106781187,-2.775557561563E-17,-0.707106781187
    ));
#900 = ADVANCED_FACE('',(#901),#952,.T.);
#901 = FACE_BOUND('',#902,.T.);
#902 = EDGE_LOOP('',(#903,#904,#912,#921,#930,#938,#946));
#903 = ORIENTED_EDGE('',*,*,#198,.F.);
#904 = ORIENTED_EDGE('',*,*,#905,.F.);
#905 = EDGE_CURVE('',#906,#199,#908,.T.);
#906 = VERTEX_POINT('',#907);
#907 = CARTESIAN_POINT('',(-30.,9.5,3.464101615138));
#908 = LINE('',#909,#910);
#909 = CARTESIAN_POINT('',(-30.,9.5,3.));
#910 = VECTOR('',#911,1.);
#911 = DIRECTION('',(0.,0.,1.));
#912 = ORIENTED_EDGE('',*,*,#913,.T.);
#913 = EDGE_CURVE('',#906,#914,#916,.T.);
#914 = VERTEX_POINT('',#915);
#915 = CARTESIAN_POINT('',(-30.,6.5,2.143131898508E-16));
#916 = CIRCLE('',#917,3.5);
#917 = AXIS2_PLACEMENT_3D('',#918,#919,#920);
#918 = CARTESIAN_POINT('',(-30.,10.,0.));
#919 = DIRECTION('',(1.,0.,-0.));
#920 = DIRECTION('',(0.,0.,1.));
#921 = ORIENTED_EDGE('',*,*,#922,.T.);
#922 = EDGE_CURVE('',#914,#923,#925,.T.);
#923 = VERTEX_POINT('',#924);
#924 = CARTESIAN_POINT('',(-30.,9.5,-3.464101615138));
#925 = CIRCLE('',#926,3.5);
#926 = AXIS2_PLACEMENT_3D('',#927,#928,#929);
#927 = CARTESIAN_POINT('',(-30.,10.,0.));
#928 = DIRECTION('',(1.,0.,0.));
#929 = DIRECTION('',(0.,-1.,-1.224646799147E-16));
#930 = ORIENTED_EDGE('',*,*,#931,.T.);
#931 = EDGE_CURVE('',#923,#932,#934,.T.);
#932 = VERTEX_POINT('',#933);
#933 = CARTESIAN_POINT('',(-30.,9.5,-6.));
#934 = LINE('',#935,#936);
#935 = CARTESIAN_POINT('',(-30.,9.5,-3.));
#936 = VECTOR('',#937,1.);
#937 = DIRECTION('',(-0.,-0.,-1.));
#938 = ORIENTED_EDGE('',*,*,#939,.T.);
#939 = EDGE_CURVE('',#932,#940,#942,.T.);
#940 = VERTEX_POINT('',#941);
#941 = CARTESIAN_POINT('',(-30.,-9.5,-6.));
#942 = LINE('',#943,#944);
#943 = CARTESIAN_POINT('',(-30.,10.,-6.));
#944 = VECTOR('',#945,1.);
#945 = DIRECTION('',(-0.,-1.,-0.));
#946 = ORIENTED_EDGE('',*,*,#947,.F.);
#947 = EDGE_CURVE('',#191,#940,#948,.T.);
#948 = LINE('',#949,#950);
#949 = CARTESIAN_POINT('',(-30.,-9.5,6.5));
#950 = VECTOR('',#951,1.);
#951 = DIRECTION('',(-0.,-0.,-1.));
#952 = PLANE('',#953);
#953 = AXIS2_PLACEMENT_3D('',#954,#955,#956);
#954 = CARTESIAN_POINT('',(-30.,0.227766359695,0.));
#955 = DIRECTION('',(-1.,-0.,-0.));
#956 = DIRECTION('',(0.,0.,-1.));
#957 = ADVANCED_FACE('',(#958),#968,.T.);
#958 = FACE_BOUND('',#959,.T.);
#959 = EDGE_LOOP('',(#960,#961,#967));
#960 = ORIENTED_EDGE('',*,*,#291,.F.);
#961 = ORIENTED_EDGE('',*,*,#962,.T.);
#962 = EDGE_CURVE('',#292,#230,#963,.T.);
#963 = LINE('',#964,#965);
#964 = CARTESIAN_POINT('',(29.875,9.625,6.));
#965 = VECTOR('',#966,1.);
#966 = DIRECTION('',(-0.707106781187,0.707106781187,0.));
#967 = ORIENTED_EDGE('',*,*,#237,.F.);
#968 = PLANE('',#969);
#969 = AXIS2_PLACEMENT_3D('',#970,#971,#972);
#970 = CARTESIAN_POINT('',(30.,9.5,6.));
#971 = DIRECTION('',(0.57735026919,0.57735026919,0.57735026919));
#972 = DIRECTION('',(2.775557561563E-17,0.707106781187,-0.707106781187)
  );
#973 = ADVANCED_FACE('',(#974),#1045,.F.);
#974 = FACE_BOUND('',#975,.F.);
#975 = EDGE_LOOP('',(#976,#986,#994,#1002,#1010,#1016,#1017,#1023,#1024,
    #1032,#1038,#1039));
#976 = ORIENTED_EDGE('',*,*,#977,.F.);
#977 = EDGE_CURVE('',#978,#980,#982,.T.);
#978 = VERTEX_POINT('',#979);
#979 = CARTESIAN_POINT('',(-20.,10.,3.));
#980 = VERTEX_POINT('',#981);
#981 = CARTESIAN_POINT('',(-29.5,10.,3.));
#982 = LINE('',#983,#984);
#983 = CARTESIAN_POINT('',(0.,10.,3.));
#984 = VECTOR('',#985,1.);
#985 = DIRECTION('',(-1.,-0.,-0.));
#986 = ORIENTED_EDGE('',*,*,#987,.F.);
#987 = EDGE_CURVE('',#988,#978,#990,.T.);
#988 = VERTEX_POINT('',#989);
#989 = CARTESIAN_POINT('',(-20.,10.,3.499999999912));
#990 = LINE('',#991,#992);
#991 = CARTESIAN_POINT('',(-20.,10.,3.499999999912));
#992 = VECTOR('',#993,1.);
#993 = DIRECTION('',(0.,-2.22044604925E-16,-1.));
#994 = ORIENTED_EDGE('',*,*,#995,.T.);
#995 = EDGE_CURVE('',#988,#996,#998,.T.);
#996 = VERTEX_POINT('',#997);
#997 = CARTESIAN_POINT('',(-8.5,10.,3.499999999912));
#998 = LINE('',#999,#1000);
#999 = CARTESIAN_POINT('',(-20.,10.,3.499999999912));
#1000 = VECTOR('',#1001,1.);
#1001 = DIRECTION('',(1.,0.,0.));
#1002 = ORIENTED_EDGE('',*,*,#1003,.T.);
#1003 = EDGE_CURVE('',#996,#1004,#1006,.T.);
#1004 = VERTEX_POINT('',#1005);
#1005 = CARTESIAN_POINT('',(-8.5,10.,3.299999999912));
#1006 = LINE('',#1007,#1008);
#1007 = CARTESIAN_POINT('',(-8.5,10.,3.499999999912));
#1008 = VECTOR('',#1009,1.);
#1009 = DIRECTION('',(0.,-2.22044604925E-16,-1.));
#1010 = ORIENTED_EDGE('',*,*,#1011,.T.);
#1011 = EDGE_CURVE('',#1004,#817,#1012,.T.);
#1012 = LINE('',#1013,#1014);
#1013 = CARTESIAN_POINT('',(-8.5,10.,3.299999999912));
#1014 = VECTOR('',#1015,1.);
#1015 = DIRECTION('',(1.,0.,0.));
#1016 = ORIENTED_EDGE('',*,*,#824,.T.);
#1017 = ORIENTED_EDGE('',*,*,#1018,.T.);
#1018 = EDGE_CURVE('',#825,#461,#1019,.T.);
#1019 = LINE('',#1020,#1021);
#1020 = CARTESIAN_POINT('',(-6.,10.,3.499999999907));
#1021 = VECTOR('',#1022,1.);
#1022 = DIRECTION('',(1.,0.,0.));
#1023 = ORIENTED_EDGE('',*,*,#468,.F.);
#1024 = ORIENTED_EDGE('',*,*,#1025,.T.);
#1025 = EDGE_CURVE('',#469,#1026,#1028,.T.);
#1026 = VERTEX_POINT('',#1027);
#1027 = CARTESIAN_POINT('',(29.5,10.,3.));
#1028 = LINE('',#1029,#1030);
#1029 = CARTESIAN_POINT('',(0.,10.,3.));
#1030 = VECTOR('',#1031,1.);
#1031 = DIRECTION('',(1.,0.,0.));
#1032 = ORIENTED_EDGE('',*,*,#1033,.T.);
#1033 = EDGE_CURVE('',#1026,#230,#1034,.T.);
#1034 = LINE('',#1035,#1036);
#1035 = CARTESIAN_POINT('',(29.5,10.,3.));
#1036 = VECTOR('',#1037,1.);
#1037 = DIRECTION('',(0.,0.,1.));
#1038 = ORIENTED_EDGE('',*,*,#229,.T.);
#1039 = ORIENTED_EDGE('',*,*,#1040,.F.);
#1040 = EDGE_CURVE('',#980,#222,#1041,.T.);
#1041 = LINE('',#1042,#1043);
#1042 = CARTESIAN_POINT('',(-29.5,10.,3.));
#1043 = VECTOR('',#1044,1.);
#1044 = DIRECTION('',(0.,0.,1.));
#1045 = PLANE('',#1046);
#1046 = AXIS2_PLACEMENT_3D('',#1047,#1048,#1049);
#1047 = CARTESIAN_POINT('',(30.,10.,0.));
#1048 = DIRECTION('',(0.,-1.,0.));
#1049 = DIRECTION('',(-1.,0.,0.));
#1050 = ADVANCED_FACE('',(#1051,#1076),#1142,.T.);
#1051 = FACE_BOUND('',#1052,.T.);
#1052 = EDGE_LOOP('',(#1053,#1054,#1062,#1070));
#1053 = ORIENTED_EDGE('',*,*,#268,.F.);
#1054 = ORIENTED_EDGE('',*,*,#1055,.T.);
#1055 = EDGE_CURVE('',#252,#1056,#1058,.T.);
#1056 = VERTEX_POINT('',#1057);
#1057 = CARTESIAN_POINT('',(-29.5,-10.,-6.));
#1058 = LINE('',#1059,#1060);
#1059 = CARTESIAN_POINT('',(-29.5,-10.,6.5));
#1060 = VECTOR('',#1061,1.);
#1061 = DIRECTION('',(-0.,-0.,-1.));
#1062 = ORIENTED_EDGE('',*,*,#1063,.T.);
#1063 = EDGE_CURVE('',#1056,#1064,#1066,.T.);
#1064 = VERTEX_POINT('',#1065);
#1065 = CARTESIAN_POINT('',(29.5,-10.,-6.));
#1066 = LINE('',#1067,#1068);
#1067 = CARTESIAN_POINT('',(-30.,-10.,-6.));
#1068 = VECTOR('',#1069,1.);
#1069 = DIRECTION('',(1.,0.,0.));
#1070 = ORIENTED_EDGE('',*,*,#1071,.F.);
#1071 = EDGE_CURVE('',#261,#1064,#1072,.T.);
#1072 = LINE('',#1073,#1074);
#1073 = CARTESIAN_POINT('',(29.5,-10.,6.5));
#1074 = VECTOR('',#1075,1.);
#1075 = DIRECTION('',(-0.,-0.,-1.));
#1076 = FACE_BOUND('',#1077,.T.);
#1077 = EDGE_LOOP('',(#1078,#1088,#1096,#1104,#1112,#1120,#1128,#1136));
#1078 = ORIENTED_EDGE('',*,*,#1079,.T.);
#1079 = EDGE_CURVE('',#1080,#1082,#1084,.T.);
#1080 = VERTEX_POINT('',#1081);
#1081 = CARTESIAN_POINT('',(-9.,-10.,3.799999999976));
#1082 = VERTEX_POINT('',#1083);
#1083 = CARTESIAN_POINT('',(-0.5,-9.999999999986,3.79999999999));
#1084 = LINE('',#1085,#1086);
#1085 = CARTESIAN_POINT('',(-8.5,-10.,3.799999999976));
#1086 = VECTOR('',#1087,1.);
#1087 = DIRECTION('',(1.,0.,0.));
#1088 = ORIENTED_EDGE('',*,*,#1089,.F.);
#1089 = EDGE_CURVE('',#1090,#1082,#1092,.T.);
#1090 = VERTEX_POINT('',#1091);
#1091 = CARTESIAN_POINT('',(-0.5,-9.999999999997,3.999999999993));
#1092 = LINE('',#1093,#1094);
#1093 = CARTESIAN_POINT('',(-0.5,-10.,3.5));
#1094 = VECTOR('',#1095,1.);
#1095 = DIRECTION('',(0.,0.,-1.));
#1096 = ORIENTED_EDGE('',*,*,#1097,.F.);
#1097 = EDGE_CURVE('',#1098,#1090,#1100,.T.);
#1098 = VERTEX_POINT('',#1099);
#1099 = CARTESIAN_POINT('',(9.,-10.,3.999999999989));
#1100 = LINE('',#1101,#1102);
#1101 = CARTESIAN_POINT('',(8.5,-10.,3.99999999999));
#1102 = VECTOR('',#1103,1.);
#1103 = DIRECTION('',(-1.,0.,0.));
#1104 = ORIENTED_EDGE('',*,*,#1105,.F.);
#1105 = EDGE_CURVE('',#1106,#1098,#1108,.T.);
#1106 = VERTEX_POINT('',#1107);
#1107 = CARTESIAN_POINT('',(9.,-10.,-3.999999999989));
#1108 = LINE('',#1109,#1110);
#1109 = CARTESIAN_POINT('',(9.,-10.,-3.5));
#1110 = VECTOR('',#1111,1.);
#1111 = DIRECTION('',(0.,0.,1.));
#1112 = ORIENTED_EDGE('',*,*,#1113,.T.);
#1113 = EDGE_CURVE('',#1106,#1114,#1116,.T.);
#1114 = VERTEX_POINT('',#1115);
#1115 = CARTESIAN_POINT('',(-0.5,-9.999999999997,-3.999999999993));
#1116 = LINE('',#1117,#1118);
#1117 = CARTESIAN_POINT('',(8.5,-10.,-3.99999999999));
#1118 = VECTOR('',#1119,1.);
#1119 = DIRECTION('',(-1.,0.,0.));
#1120 = ORIENTED_EDGE('',*,*,#1121,.T.);
#1121 = EDGE_CURVE('',#1114,#1122,#1124,.T.);
#1122 = VERTEX_POINT('',#1123);
#1123 = CARTESIAN_POINT('',(-0.5,-10.,-3.79999999999));
#1124 = LINE('',#1125,#1126);
#1125 = CARTESIAN_POINT('',(-0.5,-10.,-3.5));
#1126 = VECTOR('',#1127,1.);
#1127 = DIRECTION('',(0.,0.,1.));
#1128 = ORIENTED_EDGE('',*,*,#1129,.F.);
#1129 = EDGE_CURVE('',#1130,#1122,#1132,.T.);
#1130 = VERTEX_POINT('',#1131);
#1131 = CARTESIAN_POINT('',(-9.,-10.,-3.799999999976));
#1132 = LINE('',#1133,#1134);
#1133 = CARTESIAN_POINT('',(-8.5,-10.,-3.799999999976));
#1134 = VECTOR('',#1135,1.);
#1135 = DIRECTION('',(1.,0.,0.));
#1136 = ORIENTED_EDGE('',*,*,#1137,.T.);
#1137 = EDGE_CURVE('',#1130,#1080,#1138,.T.);
#1138 = LINE('',#1139,#1140);
#1139 = CARTESIAN_POINT('',(-9.,-10.,-3.3));
#1140 = VECTOR('',#1141,1.);
#1141 = DIRECTION('',(0.,0.,1.));
#1142 = PLANE('',#1143);
#1143 = AXIS2_PLACEMENT_3D('',#1144,#1145,#1146);
#1144 = CARTESIAN_POINT('',(0.,-10.,0.));
#1145 = DIRECTION('',(-0.,-1.,-0.));
#1146 = DIRECTION('',(0.,0.,-1.));
#1147 = ADVANCED_FACE('',(#1148),#1158,.F.);
#1148 = FACE_BOUND('',#1149,.F.);
#1149 = EDGE_LOOP('',(#1150,#1151,#1157));
#1150 = ORIENTED_EDGE('',*,*,#282,.F.);
#1151 = ORIENTED_EDGE('',*,*,#1152,.T.);
#1152 = EDGE_CURVE('',#283,#261,#1153,.T.);
#1153 = LINE('',#1154,#1155);
#1154 = CARTESIAN_POINT('',(29.875,-9.625,6.));
#1155 = VECTOR('',#1156,1.);
#1156 = DIRECTION('',(-0.707106781187,-0.707106781187,
    -4.999702984597E-15));
#1157 = ORIENTED_EDGE('',*,*,#260,.F.);
#1158 = PLANE('',#1159);
#1159 = AXIS2_PLACEMENT_3D('',#1160,#1161,#1162);
#1160 = CARTESIAN_POINT('',(30.,-9.5,6.));
#1161 = DIRECTION('',(-0.57735026919,0.57735026919,-0.57735026919));
#1162 = DIRECTION('',(0.,-0.707106781187,-0.707106781187));
#1163 = ADVANCED_FACE('',(#1164),#1215,.T.);
#1164 = FACE_BOUND('',#1165,.T.);
#1165 = EDGE_LOOP('',(#1166,#1167,#1175,#1183,#1191,#1200,#1209));
#1166 = ORIENTED_EDGE('',*,*,#299,.F.);
#1167 = ORIENTED_EDGE('',*,*,#1168,.T.);
#1168 = EDGE_CURVE('',#283,#1169,#1171,.T.);
#1169 = VERTEX_POINT('',#1170);
#1170 = CARTESIAN_POINT('',(30.,-9.5,-6.));
#1171 = LINE('',#1172,#1173);
#1172 = CARTESIAN_POINT('',(30.,-9.5,6.5));
#1173 = VECTOR('',#1174,1.);
#1174 = DIRECTION('',(-0.,-0.,-1.));
#1175 = ORIENTED_EDGE('',*,*,#1176,.T.);
#1176 = EDGE_CURVE('',#1169,#1177,#1179,.T.);
#1177 = VERTEX_POINT('',#1178);
#1178 = CARTESIAN_POINT('',(30.,9.5,-6.));
#1179 = LINE('',#1180,#1181);
#1180 = CARTESIAN_POINT('',(30.,-10.,-6.));
#1181 = VECTOR('',#1182,1.);
#1182 = DIRECTION('',(0.,1.,0.));
#1183 = ORIENTED_EDGE('',*,*,#1184,.F.);
#1184 = EDGE_CURVE('',#1185,#1177,#1187,.T.);
#1185 = VERTEX_POINT('',#1186);
#1186 = CARTESIAN_POINT('',(30.,9.5,-3.464101615138));
#1187 = LINE('',#1188,#1189);
#1188 = CARTESIAN_POINT('',(30.,9.5,-3.));
#1189 = VECTOR('',#1190,1.);
#1190 = DIRECTION('',(-0.,-0.,-1.));
#1191 = ORIENTED_EDGE('',*,*,#1192,.T.);
#1192 = EDGE_CURVE('',#1185,#1193,#1195,.T.);
#1193 = VERTEX_POINT('',#1194);
#1194 = CARTESIAN_POINT('',(30.,6.5,-2.143131898508E-16));
#1195 = CIRCLE('',#1196,3.5);
#1196 = AXIS2_PLACEMENT_3D('',#1197,#1198,#1199);
#1197 = CARTESIAN_POINT('',(30.,10.,0.));
#1198 = DIRECTION('',(-1.,-0.,-0.));
#1199 = DIRECTION('',(0.,0.,-1.));
#1200 = ORIENTED_EDGE('',*,*,#1201,.T.);
#1201 = EDGE_CURVE('',#1193,#1202,#1204,.T.);
#1202 = VERTEX_POINT('',#1203);
#1203 = CARTESIAN_POINT('',(30.,9.5,3.464101615138));
#1204 = CIRCLE('',#1205,3.5);
#1205 = AXIS2_PLACEMENT_3D('',#1206,#1207,#1208);
#1206 = CARTESIAN_POINT('',(30.,10.,0.));
#1207 = DIRECTION('',(-1.,-0.,0.));
#1208 = DIRECTION('',(0.,-1.,-1.224646799147E-16));
#1209 = ORIENTED_EDGE('',*,*,#1210,.T.);
#1210 = EDGE_CURVE('',#1202,#292,#1211,.T.);
#1211 = LINE('',#1212,#1213);
#1212 = CARTESIAN_POINT('',(30.,9.5,3.));
#1213 = VECTOR('',#1214,1.);
#1214 = DIRECTION('',(0.,0.,1.));
#1215 = PLANE('',#1216);
#1216 = AXIS2_PLACEMENT_3D('',#1217,#1218,#1219);
#1217 = CARTESIAN_POINT('',(30.,0.227766359695,1.217253469486E-16));
#1218 = DIRECTION('',(1.,0.,0.));
#1219 = DIRECTION('',(0.,0.,1.));
#1220 = ADVANCED_FACE('',(#1221),#1239,.F.);
#1221 = FACE_BOUND('',#1222,.T.);
#1222 = EDGE_LOOP('',(#1223,#1230,#1237,#1238));
#1223 = ORIENTED_EDGE('',*,*,#1224,.T.);
#1224 = EDGE_CURVE('',#314,#1225,#1227,.T.);
#1225 = VERTEX_POINT('',#1226);
#1226 = CARTESIAN_POINT('',(27.15,4.,-6.));
#1227 = B_SPLINE_CURVE_WITH_KNOTS('',1,(#1228,#1229),.UNSPECIFIED.,.F.,
  .F.,(2,2),(-6.5,6.5),.PIECEWISE_BEZIER_KNOTS.);
#1228 = CARTESIAN_POINT('',(27.15,4.,6.5));
#1229 = CARTESIAN_POINT('',(27.15,4.,-6.5));
#1230 = ORIENTED_EDGE('',*,*,#1231,.T.);
#1231 = EDGE_CURVE('',#1225,#1225,#1232,.T.);
#1232 = CIRCLE('',#1233,2.15);
#1233 = AXIS2_PLACEMENT_3D('',#1234,#1235,#1236);
#1234 = CARTESIAN_POINT('',(25.,4.,-6.));
#1235 = DIRECTION('',(0.,0.,-1.));
#1236 = DIRECTION('',(1.,0.,0.));
#1237 = ORIENTED_EDGE('',*,*,#1224,.F.);
#1238 = ORIENTED_EDGE('',*,*,#323,.F.);
#1239 = CYLINDRICAL_SURFACE('',#1240,2.15);
#1240 = AXIS2_PLACEMENT_3D('',#1241,#1242,#1243);
#1241 = CARTESIAN_POINT('',(25.,4.,0.));
#1242 = DIRECTION('',(-0.,-0.,-1.));
#1243 = DIRECTION('',(1.,0.,0.));
#1244 = ADVANCED_FACE('',(#1245),#1254,.T.);
#1245 = FACE_BOUND('',#1246,.T.);
#1246 = EDGE_LOOP('',(#1247,#1248,#1249,#1250,#1251,#1252,#1253));
#1247 = ORIENTED_EDGE('',*,*,#1018,.T.);
#1248 = ORIENTED_EDGE('',*,*,#460,.T.);
#1249 = ORIENTED_EDGE('',*,*,#412,.F.);
#1250 = ORIENTED_EDGE('',*,*,#379,.F.);
#1251 = ORIENTED_EDGE('',*,*,#370,.F.);
#1252 = ORIENTED_EDGE('',*,*,#347,.F.);
#1253 = ORIENTED_EDGE('',*,*,#832,.F.);
#1254 = PLANE('',#1255);
#1255 = AXIS2_PLACEMENT_3D('',#1256,#1257,#1258);
#1256 = CARTESIAN_POINT('',(6.917316935646,8.528057239394,3.499999999907
    ));
#1257 = DIRECTION('',(-0.,-3.006661359403E-16,-1.));
#1258 = DIRECTION('',(0.,-1.,3.006661359403E-16));
#1259 = ADVANCED_FACE('',(#1260),#1266,.F.);
#1260 = FACE_BOUND('',#1261,.T.);
#1261 = EDGE_LOOP('',(#1262,#1263,#1264,#1265));
#1262 = ORIENTED_EDGE('',*,*,#684,.T.);
#1263 = ORIENTED_EDGE('',*,*,#654,.T.);
#1264 = ORIENTED_EDGE('',*,*,#444,.F.);
#1265 = ORIENTED_EDGE('',*,*,#702,.F.);
#1266 = PLANE('',#1267);
#1267 = AXIS2_PLACEMENT_3D('',#1268,#1269,#1270);
#1268 = CARTESIAN_POINT('',(8.377217393166,1.135319164307,3.9));
#1269 = DIRECTION('',(0.,0.,1.));
#1270 = DIRECTION('',(1.,0.,0.));
#1271 = ADVANCED_FACE('',(#1272),#1303,.F.);
#1272 = FACE_BOUND('',#1273,.T.);
#1273 = EDGE_LOOP('',(#1274,#1275,#1284,#1293,#1299,#1300,#1301,#1302));
#1274 = ORIENTED_EDGE('',*,*,#1025,.T.);
#1275 = ORIENTED_EDGE('',*,*,#1276,.F.);
#1276 = EDGE_CURVE('',#1277,#1026,#1279,.T.);
#1277 = VERTEX_POINT('',#1278);
#1278 = CARTESIAN_POINT('',(29.5,7.,-1.836970198721E-16));
#1279 = CIRCLE('',#1280,3.);
#1280 = AXIS2_PLACEMENT_3D('',#1281,#1282,#1283);
#1281 = CARTESIAN_POINT('',(29.5,10.,0.));
#1282 = DIRECTION('',(-1.,-0.,0.));
#1283 = DIRECTION('',(0.,-1.,-1.224646799147E-16));
#1284 = ORIENTED_EDGE('',*,*,#1285,.F.);
#1285 = EDGE_CURVE('',#1286,#1277,#1288,.T.);
#1286 = VERTEX_POINT('',#1287);
#1287 = CARTESIAN_POINT('',(29.5,10.,-3.));
#1288 = CIRCLE('',#1289,3.);
#1289 = AXIS2_PLACEMENT_3D('',#1290,#1291,#1292);
#1290 = CARTESIAN_POINT('',(29.5,10.,0.));
#1291 = DIRECTION('',(-1.,-0.,-0.));
#1292 = DIRECTION('',(0.,0.,-1.));
#1293 = ORIENTED_EDGE('',*,*,#1294,.F.);
#1294 = EDGE_CURVE('',#504,#1286,#1295,.T.);
#1295 = LINE('',#1296,#1297);
#1296 = CARTESIAN_POINT('',(0.,10.,-3.));
#1297 = VECTOR('',#1298,1.);
#1298 = DIRECTION('',(1.,0.,0.));
#1299 = ORIENTED_EDGE('',*,*,#503,.F.);
#1300 = ORIENTED_EDGE('',*,*,#494,.F.);
#1301 = ORIENTED_EDGE('',*,*,#485,.T.);
#1302 = ORIENTED_EDGE('',*,*,#476,.T.);
#1303 = CYLINDRICAL_SURFACE('',#1304,3.);
#1304 = AXIS2_PLACEMENT_3D('',#1305,#1306,#1307);
#1305 = CARTESIAN_POINT('',(0.,10.,0.));
#1306 = DIRECTION('',(-1.,-0.,-0.));
#1307 = DIRECTION('',(0.,1.,0.));
#1308 = ADVANCED_FACE('',(#1309),#1391,.F.);
#1309 = FACE_BOUND('',#1310,.T.);
#1310 = EDGE_LOOP('',(#1311,#1321,#1329,#1337,#1345,#1353,#1361,#1367,
    #1368,#1369,#1377,#1385));
#1311 = ORIENTED_EDGE('',*,*,#1312,.F.);
#1312 = EDGE_CURVE('',#1313,#1315,#1317,.T.);
#1313 = VERTEX_POINT('',#1314);
#1314 = CARTESIAN_POINT('',(-20.,10.,-3.));
#1315 = VERTEX_POINT('',#1316);
#1316 = CARTESIAN_POINT('',(-29.5,10.,-3.));
#1317 = LINE('',#1318,#1319);
#1318 = CARTESIAN_POINT('',(0.,10.,-3.));
#1319 = VECTOR('',#1320,1.);
#1320 = DIRECTION('',(-1.,0.,0.));
#1321 = ORIENTED_EDGE('',*,*,#1322,.F.);
#1322 = EDGE_CURVE('',#1323,#1313,#1325,.T.);
#1323 = VERTEX_POINT('',#1324);
#1324 = CARTESIAN_POINT('',(-20.,10.,-3.499999999912));
#1325 = LINE('',#1326,#1327);
#1326 = CARTESIAN_POINT('',(-20.,10.,-3.499999999912));
#1327 = VECTOR('',#1328,1.);
#1328 = DIRECTION('',(0.,-2.22044604925E-16,1.));
#1329 = ORIENTED_EDGE('',*,*,#1330,.T.);
#1330 = EDGE_CURVE('',#1323,#1331,#1333,.T.);
#1331 = VERTEX_POINT('',#1332);
#1332 = CARTESIAN_POINT('',(-8.5,10.,-3.499999999912));
#1333 = LINE('',#1334,#1335);
#1334 = CARTESIAN_POINT('',(-20.,10.,-3.499999999912));
#1335 = VECTOR('',#1336,1.);
#1336 = DIRECTION('',(1.,0.,0.));
#1337 = ORIENTED_EDGE('',*,*,#1338,.T.);
#1338 = EDGE_CURVE('',#1331,#1339,#1341,.T.);
#1339 = VERTEX_POINT('',#1340);
#1340 = CARTESIAN_POINT('',(-8.5,10.,-3.299999999912));
#1341 = LINE('',#1342,#1343);
#1342 = CARTESIAN_POINT('',(-8.5,10.,-3.499999999912));
#1343 = VECTOR('',#1344,1.);
#1344 = DIRECTION('',(0.,-2.22044604925E-16,1.));
#1345 = ORIENTED_EDGE('',*,*,#1346,.T.);
#1346 = EDGE_CURVE('',#1339,#1347,#1349,.T.);
#1347 = VERTEX_POINT('',#1348);
#1348 = CARTESIAN_POINT('',(-6.,10.,-3.299999999912));
#1349 = LINE('',#1350,#1351);
#1350 = CARTESIAN_POINT('',(-8.5,10.,-3.299999999912));
#1351 = VECTOR('',#1352,1.);
#1352 = DIRECTION('',(1.,0.,0.));
#1353 = ORIENTED_EDGE('',*,*,#1354,.T.);
#1354 = EDGE_CURVE('',#1347,#1355,#1357,.T.);
#1355 = VERTEX_POINT('',#1356);
#1356 = CARTESIAN_POINT('',(-6.,10.,-3.499999999907));
#1357 = LINE('',#1358,#1359);
#1358 = CARTESIAN_POINT('',(-6.,10.,-3.299999999912));
#1359 = VECTOR('',#1360,1.);
#1360 = DIRECTION('',(-0.,2.22044604925E-16,-1.));
#1361 = ORIENTED_EDGE('',*,*,#1362,.T.);
#1362 = EDGE_CURVE('',#1355,#513,#1363,.T.);
#1363 = LINE('',#1364,#1365);
#1364 = CARTESIAN_POINT('',(-6.,10.,-3.499999999907));
#1365 = VECTOR('',#1366,1.);
#1366 = DIRECTION('',(1.,0.,0.));
#1367 = ORIENTED_EDGE('',*,*,#512,.F.);
#1368 = ORIENTED_EDGE('',*,*,#1294,.T.);
#1369 = ORIENTED_EDGE('',*,*,#1370,.T.);
#1370 = EDGE_CURVE('',#1286,#1371,#1373,.T.);
#1371 = VERTEX_POINT('',#1372);
#1372 = CARTESIAN_POINT('',(29.5,10.,-6.));
#1373 = LINE('',#1374,#1375);
#1374 = CARTESIAN_POINT('',(29.5,10.,-3.));
#1375 = VECTOR('',#1376,1.);
#1376 = DIRECTION('',(-0.,-0.,-1.));
#1377 = ORIENTED_EDGE('',*,*,#1378,.T.);
#1378 = EDGE_CURVE('',#1371,#1379,#1381,.T.);
#1379 = VERTEX_POINT('',#1380);
#1380 = CARTESIAN_POINT('',(-29.5,10.,-6.));
#1381 = LINE('',#1382,#1383);
#1382 = CARTESIAN_POINT('',(30.,10.,-6.));
#1383 = VECTOR('',#1384,1.);
#1384 = DIRECTION('',(-1.,-0.,-0.));
#1385 = ORIENTED_EDGE('',*,*,#1386,.F.);
#1386 = EDGE_CURVE('',#1315,#1379,#1387,.T.);
#1387 = LINE('',#1388,#1389);
#1388 = CARTESIAN_POINT('',(-29.5,10.,-3.));
#1389 = VECTOR('',#1390,1.);
#1390 = DIRECTION('',(-0.,-0.,-1.));
#1391 = PLANE('',#1392);
#1392 = AXIS2_PLACEMENT_3D('',#1393,#1394,#1395);
#1393 = CARTESIAN_POINT('',(30.,10.,0.));
#1394 = DIRECTION('',(-0.,-1.,-0.));
#1395 = DIRECTION('',(1.,0.,0.));
#1396 = ADVANCED_FACE('',(#1397),#1441,.T.);
#1397 = FACE_BOUND('',#1398,.F.);
#1398 = EDGE_LOOP('',(#1399,#1400,#1401,#1409,#1418,#1427,#1435));
#1399 = ORIENTED_EDGE('',*,*,#1362,.T.);
#1400 = ORIENTED_EDGE('',*,*,#520,.T.);
#1401 = ORIENTED_EDGE('',*,*,#1402,.F.);
#1402 = EDGE_CURVE('',#1403,#521,#1405,.T.);
#1403 = VERTEX_POINT('',#1404);
#1404 = CARTESIAN_POINT('',(1.760681686166,7.,-3.499999999907));
#1405 = LINE('',#1406,#1407);
#1406 = CARTESIAN_POINT('',(7.,7.,-3.499999999907));
#1407 = VECTOR('',#1408,1.);
#1408 = DIRECTION('',(1.,0.,0.));
#1409 = ORIENTED_EDGE('',*,*,#1410,.F.);
#1410 = EDGE_CURVE('',#1411,#1403,#1413,.T.);
#1411 = VERTEX_POINT('',#1412);
#1412 = CARTESIAN_POINT('',(5.170353472561E-14,8.,-3.499999999953));
#1413 = CIRCLE('',#1414,2.05);
#1414 = AXIS2_PLACEMENT_3D('',#1415,#1416,#1417);
#1415 = CARTESIAN_POINT('',(0.,5.95,-3.499999999907));
#1416 = DIRECTION('',(0.,0.,-1.));
#1417 = DIRECTION('',(1.,0.,0.));
#1418 = ORIENTED_EDGE('',*,*,#1419,.F.);
#1419 = EDGE_CURVE('',#1420,#1411,#1422,.T.);
#1420 = VERTEX_POINT('',#1421);
#1421 = CARTESIAN_POINT('',(-1.760681686166,7.,-3.499999999907));
#1422 = CIRCLE('',#1423,2.05);
#1423 = AXIS2_PLACEMENT_3D('',#1424,#1425,#1426);
#1424 = CARTESIAN_POINT('',(0.,5.95,-3.499999999907));
#1425 = DIRECTION('',(0.,0.,-1.));
#1426 = DIRECTION('',(1.,0.,0.));
#1427 = ORIENTED_EDGE('',*,*,#1428,.F.);
#1428 = EDGE_CURVE('',#1429,#1420,#1431,.T.);
#1429 = VERTEX_POINT('',#1430);
#1430 = CARTESIAN_POINT('',(-6.,7.,-3.499999999907));
#1431 = LINE('',#1432,#1433);
#1432 = CARTESIAN_POINT('',(7.,7.,-3.499999999907));
#1433 = VECTOR('',#1434,1.);
#1434 = DIRECTION('',(1.,0.,0.));
#1435 = ORIENTED_EDGE('',*,*,#1436,.F.);
#1436 = EDGE_CURVE('',#1355,#1429,#1437,.T.);
#1437 = LINE('',#1438,#1439);
#1438 = CARTESIAN_POINT('',(-6.,10.,-3.499999999907));
#1439 = VECTOR('',#1440,1.);
#1440 = DIRECTION('',(-0.,-1.,-2.22044604925E-16));
#1441 = PLANE('',#1442);
#1442 = AXIS2_PLACEMENT_3D('',#1443,#1444,#1445);
#1443 = CARTESIAN_POINT('',(6.917316935646,8.528057239394,
    -3.499999999907));
#1444 = DIRECTION('',(0.,-3.006661359403E-16,1.));
#1445 = DIRECTION('',(0.,1.,3.006661359403E-16));
#1446 = ADVANCED_FACE('',(#1447),#1465,.F.);
#1447 = FACE_BOUND('',#1448,.T.);
#1448 = EDGE_LOOP('',(#1449,#1457,#1458,#1459));
#1449 = ORIENTED_EDGE('',*,*,#1450,.F.);
#1450 = EDGE_CURVE('',#529,#1451,#1453,.T.);
#1451 = VERTEX_POINT('',#1452);
#1452 = CARTESIAN_POINT('',(1.760681686166,7.,-6.5));
#1453 = LINE('',#1454,#1455);
#1454 = CARTESIAN_POINT('',(20.,7.,-6.5));
#1455 = VECTOR('',#1456,1.);
#1456 = DIRECTION('',(-1.,-0.,-0.));
#1457 = ORIENTED_EDGE('',*,*,#528,.T.);
#1458 = ORIENTED_EDGE('',*,*,#1402,.F.);
#1459 = ORIENTED_EDGE('',*,*,#1460,.F.);
#1460 = EDGE_CURVE('',#1451,#1403,#1461,.T.);
#1461 = LINE('',#1462,#1463);
#1462 = CARTESIAN_POINT('',(1.760681686166,7.,0.));
#1463 = VECTOR('',#1464,1.);
#1464 = DIRECTION('',(0.,0.,1.));
#1465 = PLANE('',#1466);
#1466 = AXIS2_PLACEMENT_3D('',#1467,#1468,#1469);
#1467 = CARTESIAN_POINT('',(20.,7.,-6.5));
#1468 = DIRECTION('',(0.,1.,0.));
#1469 = DIRECTION('',(1.,0.,0.));
#1470 = ADVANCED_FACE('',(#1471,#1505,#1586,#1597),#1608,.T.);
#1471 = FACE_BOUND('',#1472,.F.);
#1472 = EDGE_LOOP('',(#1473,#1483,#1491,#1499));
#1473 = ORIENTED_EDGE('',*,*,#1474,.T.);
#1474 = EDGE_CURVE('',#1475,#1477,#1479,.T.);
#1475 = VERTEX_POINT('',#1476);
#1476 = CARTESIAN_POINT('',(-29.5,-9.5,-6.5));
#1477 = VERTEX_POINT('',#1478);
#1478 = CARTESIAN_POINT('',(29.5,-9.5,-6.5));
#1479 = LINE('',#1480,#1481);
#1480 = CARTESIAN_POINT('',(-30.,-9.5,-6.5));
#1481 = VECTOR('',#1482,1.);
#1482 = DIRECTION('',(1.,0.,0.));
#1483 = ORIENTED_EDGE('',*,*,#1484,.T.);
#1484 = EDGE_CURVE('',#1477,#1485,#1487,.T.);
#1485 = VERTEX_POINT('',#1486);
#1486 = CARTESIAN_POINT('',(29.5,9.5,-6.5));
#1487 = LINE('',#1488,#1489);
#1488 = CARTESIAN_POINT('',(29.5,-10.,-6.5));
#1489 = VECTOR('',#1490,1.);
#1490 = DIRECTION('',(0.,1.,0.));
#1491 = ORIENTED_EDGE('',*,*,#1492,.T.);
#1492 = EDGE_CURVE('',#1485,#1493,#1495,.T.);
#1493 = VERTEX_POINT('',#1494);
#1494 = CARTESIAN_POINT('',(-29.5,9.5,-6.5));
#1495 = LINE('',#1496,#1497);
#1496 = CARTESIAN_POINT('',(30.,9.5,-6.5));
#1497 = VECTOR('',#1498,1.);
#1498 = DIRECTION('',(-1.,-0.,-0.));
#1499 = ORIENTED_EDGE('',*,*,#1500,.T.);
#1500 = EDGE_CURVE('',#1493,#1475,#1501,.T.);
#1501 = LINE('',#1502,#1503);
#1502 = CARTESIAN_POINT('',(-29.5,10.,-6.5));
#1503 = VECTOR('',#1504,1.);
#1504 = DIRECTION('',(-0.,-1.,-0.));
#1505 = FACE_BOUND('',#1506,.F.);
#1506 = EDGE_LOOP('',(#1507,#1517,#1524,#1525,#1526,#1536,#1545,#1553,
    #1554,#1563,#1571,#1580));
#1507 = ORIENTED_EDGE('',*,*,#1508,.F.);
#1508 = EDGE_CURVE('',#1509,#1511,#1513,.T.);
#1509 = VERTEX_POINT('',#1510);
#1510 = CARTESIAN_POINT('',(-1.760681686166,7.,-6.5));
#1511 = VERTEX_POINT('',#1512);
#1512 = CARTESIAN_POINT('',(-6.,7.,-6.5));
#1513 = LINE('',#1514,#1515);
#1514 = CARTESIAN_POINT('',(20.,7.,-6.5));
#1515 = VECTOR('',#1516,1.);
#1516 = DIRECTION('',(-1.,-0.,-0.));
#1517 = ORIENTED_EDGE('',*,*,#1518,.T.);
#1518 = EDGE_CURVE('',#1509,#1451,#1519,.T.);
#1519 = CIRCLE('',#1520,2.05);
#1520 = AXIS2_PLACEMENT_3D('',#1521,#1522,#1523);
#1521 = CARTESIAN_POINT('',(0.,5.95,-6.5));
#1522 = DIRECTION('',(0.,0.,-1.));
#1523 = DIRECTION('',(1.,0.,0.));
#1524 = ORIENTED_EDGE('',*,*,#1450,.F.);
#1525 = ORIENTED_EDGE('',*,*,#536,.F.);
#1526 = ORIENTED_EDGE('',*,*,#1527,.F.);
#1527 = EDGE_CURVE('',#1528,#537,#1530,.T.);
#1528 = VERTEX_POINT('',#1529);
#1529 = CARTESIAN_POINT('',(2.050000000023,4.5,-6.5));
#1530 = B_SPLINE_CURVE_WITH_KNOTS('',3,(#1531,#1532,#1533,#1534,#1535),
  .UNSPECIFIED.,.F.,.F.,(4,1,4),(0.,0.5,1.),.QUASI_UNIFORM_KNOTS.);
#1531 = CARTESIAN_POINT('',(2.050000000045,4.5,-6.5));
#1532 = CARTESIAN_POINT('',(5.727086535612,3.101163202547,-6.5));
#1533 = CARTESIAN_POINT('',(12.532374,2.24714,-6.5));
#1534 = CARTESIAN_POINT('',(15.375497825931,2.407647644005,-6.5));
#1535 = CARTESIAN_POINT('',(20.,2.3,-6.5));
#1536 = ORIENTED_EDGE('',*,*,#1537,.F.);
#1537 = EDGE_CURVE('',#1538,#1528,#1540,.T.);
#1538 = VERTEX_POINT('',#1539);
#1539 = CARTESIAN_POINT('',(-2.05,4.5,-6.5));
#1540 = CIRCLE('',#1541,2.05);
#1541 = AXIS2_PLACEMENT_3D('',#1542,#1543,#1544);
#1542 = CARTESIAN_POINT('',(1.791889343305E-24,4.5,-6.5));
#1543 = DIRECTION('',(0.,0.,1.));
#1544 = DIRECTION('',(1.,0.,0.));
#1545 = ORIENTED_EDGE('',*,*,#1546,.T.);
#1546 = EDGE_CURVE('',#1538,#561,#1547,.T.);
#1547 = B_SPLINE_CURVE_WITH_KNOTS('',4,(#1548,#1549,#1550,#1551,#1552),
  .UNSPECIFIED.,.F.,.F.,(5,5),(0.,1.),.PIECEWISE_BEZIER_KNOTS.);
#1548 = CARTESIAN_POINT('',(-2.05,4.5,-6.5));
#1549 = CARTESIAN_POINT('',(-4.4266555,3.99724975,-6.5));
#1550 = CARTESIAN_POINT('',(-5.43154,-1.011916,-6.5));
#1551 = CARTESIAN_POINT('',(1.712309,-1.58551,-6.5));
#1552 = CARTESIAN_POINT('',(20.,-1.7,-6.5));
#1553 = ORIENTED_EDGE('',*,*,#568,.F.);
#1554 = ORIENTED_EDGE('',*,*,#1555,.F.);
#1555 = EDGE_CURVE('',#1556,#569,#1558,.T.);
#1556 = VERTEX_POINT('',#1557);
#1557 = CARTESIAN_POINT('',(19.,-4.,-6.5));
#1558 = CIRCLE('',#1559,1.);
#1559 = AXIS2_PLACEMENT_3D('',#1560,#1561,#1562);
#1560 = CARTESIAN_POINT('',(19.,-3.,-6.5));
#1561 = DIRECTION('',(0.,0.,1.));
#1562 = DIRECTION('',(1.,0.,0.));
#1563 = ORIENTED_EDGE('',*,*,#1564,.F.);
#1564 = EDGE_CURVE('',#1565,#1556,#1567,.T.);
#1565 = VERTEX_POINT('',#1566);
#1566 = CARTESIAN_POINT('',(-2.,-4.,-6.5));
#1567 = LINE('',#1568,#1569);
#1568 = CARTESIAN_POINT('',(-2.,-4.,-6.5));
#1569 = VECTOR('',#1570,1.);
#1570 = DIRECTION('',(1.,0.,0.));
#1571 = ORIENTED_EDGE('',*,*,#1572,.F.);
#1572 = EDGE_CURVE('',#1573,#1565,#1575,.T.);
#1573 = VERTEX_POINT('',#1574);
#1574 = CARTESIAN_POINT('',(-6.,-5.507064037689E-17,-6.5));
#1575 = CIRCLE('',#1576,4.);
#1576 = AXIS2_PLACEMENT_3D('',#1577,#1578,#1579);
#1577 = CARTESIAN_POINT('',(-2.,-6.E-16,-6.5));
#1578 = DIRECTION('',(0.,0.,1.));
#1579 = DIRECTION('',(1.,0.,0.));
#1580 = ORIENTED_EDGE('',*,*,#1581,.F.);
#1581 = EDGE_CURVE('',#1511,#1573,#1582,.T.);
#1582 = LINE('',#1583,#1584);
#1583 = CARTESIAN_POINT('',(-6.,7.,-6.5));
#1584 = VECTOR('',#1585,1.);
#1585 = DIRECTION('',(-0.,-1.,-0.));
#1586 = FACE_BOUND('',#1587,.F.);
#1587 = EDGE_LOOP('',(#1588));
#1588 = ORIENTED_EDGE('',*,*,#1589,.T.);
#1589 = EDGE_CURVE('',#1590,#1590,#1592,.T.);
#1590 = VERTEX_POINT('',#1591);
#1591 = CARTESIAN_POINT('',(-22.35,4.,-6.5));
#1592 = CIRCLE('',#1593,2.65);
#1593 = AXIS2_PLACEMENT_3D('',#1594,#1595,#1596);
#1594 = CARTESIAN_POINT('',(-25.,4.,-6.5));
#1595 = DIRECTION('',(0.,0.,-1.));
#1596 = DIRECTION('',(1.,0.,0.));
#1597 = FACE_BOUND('',#1598,.F.);
#1598 = EDGE_LOOP('',(#1599));
#1599 = ORIENTED_EDGE('',*,*,#1600,.T.);
#1600 = EDGE_CURVE('',#1601,#1601,#1603,.T.);
#1601 = VERTEX_POINT('',#1602);
#1602 = CARTESIAN_POINT('',(27.65,4.,-6.5));
#1603 = CIRCLE('',#1604,2.65);
#1604 = AXIS2_PLACEMENT_3D('',#1605,#1606,#1607);
#1605 = CARTESIAN_POINT('',(25.,4.,-6.5));
#1606 = DIRECTION('',(0.,0.,-1.));
#1607 = DIRECTION('',(1.,0.,0.));
#1608 = PLANE('',#1609);
#1609 = AXIS2_PLACEMENT_3D('',#1610,#1611,#1612);
#1610 = CARTESIAN_POINT('',(0.,0.,-6.5));
#1611 = DIRECTION('',(-0.,-0.,-1.));
#1612 = DIRECTION('',(-1.,-0.,-0.));
#1613 = ADVANCED_FACE('',(#1614),#1634,.T.);
#1614 = FACE_BOUND('',#1615,.T.);
#1615 = EDGE_LOOP('',(#1616,#1624,#1632,#1633));
#1616 = ORIENTED_EDGE('',*,*,#1617,.T.);
#1617 = EDGE_CURVE('',#1528,#1618,#1620,.T.);
#1618 = VERTEX_POINT('',#1619);
#1619 = CARTESIAN_POINT('',(2.050000000023,4.5,-3.9));
#1620 = LINE('',#1621,#1622);
#1621 = CARTESIAN_POINT('',(2.050000000023,4.5,-6.5));
#1622 = VECTOR('',#1623,1.);
#1623 = DIRECTION('',(0.,0.,1.));
#1624 = ORIENTED_EDGE('',*,*,#1625,.T.);
#1625 = EDGE_CURVE('',#1618,#545,#1626,.T.);
#1626 = B_SPLINE_CURVE_WITH_KNOTS('',3,(#1627,#1628,#1629,#1630,#1631),
  .UNSPECIFIED.,.F.,.F.,(4,1,4),(0.,0.5,1.),.QUASI_UNIFORM_KNOTS.);
#1627 = CARTESIAN_POINT('',(2.050000000045,4.5,-3.9));
#1628 = CARTESIAN_POINT('',(5.727086535612,3.101163202547,-3.9));
#1629 = CARTESIAN_POINT('',(12.532374,2.24714,-3.9));
#1630 = CARTESIAN_POINT('',(15.375497825931,2.407647644005,-3.9));
#1631 = CARTESIAN_POINT('',(20.,2.3,-3.9));
#1632 = ORIENTED_EDGE('',*,*,#544,.F.);
#1633 = ORIENTED_EDGE('',*,*,#1527,.F.);
#1634 = SURFACE_OF_LINEAR_EXTRUSION('',#1635,#1641);
#1635 = B_SPLINE_CURVE_WITH_KNOTS('',3,(#1636,#1637,#1638,#1639,#1640),
  .UNSPECIFIED.,.F.,.F.,(4,1,4),(0.,0.5,1.),.QUASI_UNIFORM_KNOTS.);
#1636 = CARTESIAN_POINT('',(2.050000000045,4.5,-6.5));
#1637 = CARTESIAN_POINT('',(5.727086535612,3.101163202547,-6.5));
#1638 = CARTESIAN_POINT('',(12.532374,2.24714,-6.5));
#1639 = CARTESIAN_POINT('',(15.375497825931,2.407647644005,-6.5));
#1640 = CARTESIAN_POINT('',(20.,2.3,-6.5));
#1641 = VECTOR('',#1642,1.);
#1642 = DIRECTION('',(-0.,-0.,-1.));
#1643 = ADVANCED_FACE('',(#1644),#1665,.F.);
#1644 = FACE_BOUND('',#1645,.F.);
#1645 = EDGE_LOOP('',(#1646,#1655,#1656,#1657));
#1646 = ORIENTED_EDGE('',*,*,#1647,.T.);
#1647 = EDGE_CURVE('',#1648,#1618,#1650,.T.);
#1648 = VERTEX_POINT('',#1649);
#1649 = CARTESIAN_POINT('',(-2.05,4.5,-3.9));
#1650 = CIRCLE('',#1651,2.05);
#1651 = AXIS2_PLACEMENT_3D('',#1652,#1653,#1654);
#1652 = CARTESIAN_POINT('',(1.791889343305E-24,4.5,-3.9));
#1653 = DIRECTION('',(0.,0.,1.));
#1654 = DIRECTION('',(1.,0.,0.));
#1655 = ORIENTED_EDGE('',*,*,#1625,.T.);
#1656 = ORIENTED_EDGE('',*,*,#552,.F.);
#1657 = ORIENTED_EDGE('',*,*,#1658,.F.);
#1658 = EDGE_CURVE('',#1648,#553,#1659,.T.);
#1659 = B_SPLINE_CURVE_WITH_KNOTS('',4,(#1660,#1661,#1662,#1663,#1664),
  .UNSPECIFIED.,.F.,.F.,(5,5),(0.,1.),.PIECEWISE_BEZIER_KNOTS.);
#1660 = CARTESIAN_POINT('',(-2.05,4.5,-3.9));
#1661 = CARTESIAN_POINT('',(-4.4266555,3.99724975,-3.9));
#1662 = CARTESIAN_POINT('',(-5.43154,-1.011916,-3.9));
#1663 = CARTESIAN_POINT('',(1.712309,-1.58551,-3.9));
#1664 = CARTESIAN_POINT('',(20.,-1.7,-3.9));
#1665 = PLANE('',#1666);
#1666 = AXIS2_PLACEMENT_3D('',#1667,#1668,#1669);
#1667 = CARTESIAN_POINT('',(8.377217393166,1.135319164307,-3.9));
#1668 = DIRECTION('',(-0.,-0.,-1.));
#1669 = DIRECTION('',(-1.,-0.,-0.));
#1670 = ADVANCED_FACE('',(#1671),#1682,.F.);
#1671 = FACE_BOUND('',#1672,.F.);
#1672 = EDGE_LOOP('',(#1673,#1679,#1680,#1681));
#1673 = ORIENTED_EDGE('',*,*,#1674,.T.);
#1674 = EDGE_CURVE('',#1538,#1648,#1675,.T.);
#1675 = LINE('',#1676,#1677);
#1676 = CARTESIAN_POINT('',(-2.05,4.5,-6.5));
#1677 = VECTOR('',#1678,1.);
#1678 = DIRECTION('',(0.,0.,1.));
#1679 = ORIENTED_EDGE('',*,*,#1658,.T.);
#1680 = ORIENTED_EDGE('',*,*,#560,.F.);
#1681 = ORIENTED_EDGE('',*,*,#1546,.F.);
#1682 = SURFACE_OF_LINEAR_EXTRUSION('',#1683,#1689);
#1683 = B_SPLINE_CURVE_WITH_KNOTS('',4,(#1684,#1685,#1686,#1687,#1688),
  .UNSPECIFIED.,.F.,.F.,(5,5),(0.,1.),.PIECEWISE_BEZIER_KNOTS.);
#1684 = CARTESIAN_POINT('',(-2.05,4.5,-6.5));
#1685 = CARTESIAN_POINT('',(-4.4266555,3.99724975,-6.5));
#1686 = CARTESIAN_POINT('',(-5.43154,-1.011916,-6.5));
#1687 = CARTESIAN_POINT('',(1.712309,-1.58551,-6.5));
#1688 = CARTESIAN_POINT('',(20.,-1.7,-6.5));
#1689 = VECTOR('',#1690,1.);
#1690 = DIRECTION('',(-0.,-0.,-1.));
#1691 = ADVANCED_FACE('',(#1692),#1711,.F.);
#1692 = FACE_BOUND('',#1693,.T.);
#1693 = EDGE_LOOP('',(#1694,#1695,#1703,#1710));
#1694 = ORIENTED_EDGE('',*,*,#1555,.F.);
#1695 = ORIENTED_EDGE('',*,*,#1696,.T.);
#1696 = EDGE_CURVE('',#1556,#1697,#1699,.T.);
#1697 = VERTEX_POINT('',#1698);
#1698 = CARTESIAN_POINT('',(19.,-4.,-3.499999999907));
#1699 = LINE('',#1700,#1701);
#1700 = CARTESIAN_POINT('',(19.,-4.,-6.5));
#1701 = VECTOR('',#1702,1.);
#1702 = DIRECTION('',(0.,0.,1.));
#1703 = ORIENTED_EDGE('',*,*,#1704,.T.);
#1704 = EDGE_CURVE('',#1697,#577,#1705,.T.);
#1705 = CIRCLE('',#1706,1.);
#1706 = AXIS2_PLACEMENT_3D('',#1707,#1708,#1709);
#1707 = CARTESIAN_POINT('',(19.,-3.,-3.499999999907));
#1708 = DIRECTION('',(0.,0.,1.));
#1709 = DIRECTION('',(1.,0.,0.));
#1710 = ORIENTED_EDGE('',*,*,#576,.F.);
#1711 = CYLINDRICAL_SURFACE('',#1712,1.);
#1712 = AXIS2_PLACEMENT_3D('',#1713,#1714,#1715);
#1713 = CARTESIAN_POINT('',(19.,-3.,-6.5));
#1714 = DIRECTION('',(-0.,-0.,-1.));
#1715 = DIRECTION('',(1.,0.,0.));
#1716 = ADVANCED_FACE('',(#1717),#1784,.T.);
#1717 = FACE_BOUND('',#1718,.F.);
#1718 = EDGE_LOOP('',(#1719,#1729,#1737,#1745,#1754,#1760,#1761,#1762,
    #1770,#1778));
#1719 = ORIENTED_EDGE('',*,*,#1720,.F.);
#1720 = EDGE_CURVE('',#1721,#1723,#1725,.T.);
#1721 = VERTEX_POINT('',#1722);
#1722 = CARTESIAN_POINT('',(0.,-5.,-3.499999999953));
#1723 = VERTEX_POINT('',#1724);
#1724 = CARTESIAN_POINT('',(1.7763568394E-15,-9.499999999997,
    -3.499999999986));
#1725 = LINE('',#1726,#1727);
#1726 = CARTESIAN_POINT('',(0.,7.771561172376E-16,-3.5));
#1727 = VECTOR('',#1728,1.);
#1728 = DIRECTION('',(-0.,-1.,-2.22044604925E-16));
#1729 = ORIENTED_EDGE('',*,*,#1730,.F.);
#1730 = EDGE_CURVE('',#1731,#1721,#1733,.T.);
#1731 = VERTEX_POINT('',#1732);
#1732 = CARTESIAN_POINT('',(-6.,-5.,-3.499999999907));
#1733 = LINE('',#1734,#1735);
#1734 = CARTESIAN_POINT('',(-6.,-5.,-3.499999999907));
#1735 = VECTOR('',#1736,1.);
#1736 = DIRECTION('',(1.,0.,0.));
#1737 = ORIENTED_EDGE('',*,*,#1738,.F.);
#1738 = EDGE_CURVE('',#1739,#1731,#1741,.T.);
#1739 = VERTEX_POINT('',#1740);
#1740 = CARTESIAN_POINT('',(-6.,-2.753532018845E-17,-3.499999999907));
#1741 = LINE('',#1742,#1743);
#1742 = CARTESIAN_POINT('',(-6.,10.,-3.499999999907));
#1743 = VECTOR('',#1744,1.);
#1744 = DIRECTION('',(-0.,-1.,-2.22044604925E-16));
#1745 = ORIENTED_EDGE('',*,*,#1746,.T.);
#1746 = EDGE_CURVE('',#1739,#1747,#1749,.T.);
#1747 = VERTEX_POINT('',#1748);
#1748 = CARTESIAN_POINT('',(-2.,-4.,-3.499999999907));
#1749 = CIRCLE('',#1750,4.);
#1750 = AXIS2_PLACEMENT_3D('',#1751,#1752,#1753);
#1751 = CARTESIAN_POINT('',(-2.,-6.E-16,-3.499999999907));
#1752 = DIRECTION('',(0.,0.,1.));
#1753 = DIRECTION('',(1.,0.,0.));
#1754 = ORIENTED_EDGE('',*,*,#1755,.F.);
#1755 = EDGE_CURVE('',#1697,#1747,#1756,.T.);
#1756 = LINE('',#1757,#1758);
#1757 = CARTESIAN_POINT('',(-4.,-4.,-3.499999999907));
#1758 = VECTOR('',#1759,1.);
#1759 = DIRECTION('',(-1.,-0.,-0.));
#1760 = ORIENTED_EDGE('',*,*,#1704,.T.);
#1761 = ORIENTED_EDGE('',*,*,#584,.T.);
#1762 = ORIENTED_EDGE('',*,*,#1763,.F.);
#1763 = EDGE_CURVE('',#1764,#585,#1766,.T.);
#1764 = VERTEX_POINT('',#1765);
#1765 = CARTESIAN_POINT('',(8.5,-5.,-3.499999999953));
#1766 = LINE('',#1767,#1768);
#1767 = CARTESIAN_POINT('',(-6.,-5.,-3.499999999907));
#1768 = VECTOR('',#1769,1.);
#1769 = DIRECTION('',(1.,0.,0.));
#1770 = ORIENTED_EDGE('',*,*,#1771,.T.);
#1771 = EDGE_CURVE('',#1764,#1772,#1774,.T.);
#1772 = VERTEX_POINT('',#1773);
#1773 = CARTESIAN_POINT('',(8.5,-9.5,-3.5));
#1774 = LINE('',#1775,#1776);
#1775 = CARTESIAN_POINT('',(8.5,7.771561172376E-16,-3.5));
#1776 = VECTOR('',#1777,1.);
#1777 = DIRECTION('',(-0.,-1.,-2.22044604925E-16));
#1778 = ORIENTED_EDGE('',*,*,#1779,.T.);
#1779 = EDGE_CURVE('',#1772,#1723,#1780,.T.);
#1780 = LINE('',#1781,#1782);
#1781 = CARTESIAN_POINT('',(8.5,-9.5,-3.499999999983));
#1782 = VECTOR('',#1783,1.);
#1783 = DIRECTION('',(-1.,0.,0.));
#1784 = PLANE('',#1785);
#1785 = AXIS2_PLACEMENT_3D('',#1786,#1787,#1788);
#1786 = CARTESIAN_POINT('',(5.791063218893,-5.198658263048,
    -3.499999999931));
#1787 = DIRECTION('',(-7.252259899277E-13,-1.266195638428E-11,1.));
#1788 = DIRECTION('',(0.,1.,1.266195638428E-11));
#1789 = ADVANCED_FACE('',(#1790),#1808,.T.);
#1790 = FACE_BOUND('',#1791,.F.);
#1791 = EDGE_LOOP('',(#1792,#1800,#1806,#1807));
#1792 = ORIENTED_EDGE('',*,*,#1793,.F.);
#1793 = EDGE_CURVE('',#1794,#593,#1796,.T.);
#1794 = VERTEX_POINT('',#1795);
#1795 = CARTESIAN_POINT('',(8.5,-5.,-0.999999999907));
#1796 = LINE('',#1797,#1798);
#1797 = CARTESIAN_POINT('',(-20.,-5.,-0.999999999907));
#1798 = VECTOR('',#1799,1.);
#1799 = DIRECTION('',(1.,0.,0.));
#1800 = ORIENTED_EDGE('',*,*,#1801,.T.);
#1801 = EDGE_CURVE('',#1794,#1764,#1802,.T.);
#1802 = LINE('',#1803,#1804);
#1803 = CARTESIAN_POINT('',(8.5,-5.,-1.124765807916));
#1804 = VECTOR('',#1805,1.);
#1805 = DIRECTION('',(-0.,-0.,-1.));
#1806 = ORIENTED_EDGE('',*,*,#1763,.T.);
#1807 = ORIENTED_EDGE('',*,*,#592,.F.);
#1808 = PLANE('',#1809);
#1809 = AXIS2_PLACEMENT_3D('',#1810,#1811,#1812);
#1810 = CARTESIAN_POINT('',(-3.395784543407E-02,-5.,-2.249531615833));
#1811 = DIRECTION('',(0.,1.,0.));
#1812 = DIRECTION('',(0.,0.,1.));
#1813 = ADVANCED_FACE('',(#1814),#1832,.T.);
#1814 = FACE_BOUND('',#1815,.F.);
#1815 = EDGE_LOOP('',(#1816,#1824,#1825,#1826));
#1816 = ORIENTED_EDGE('',*,*,#1817,.F.);
#1817 = EDGE_CURVE('',#1794,#1818,#1820,.T.);
#1818 = VERTEX_POINT('',#1819);
#1819 = CARTESIAN_POINT('',(8.5,6.,-0.999999999907));
#1820 = LINE('',#1821,#1822);
#1821 = CARTESIAN_POINT('',(8.5,5.,-0.999999999907));
#1822 = VECTOR('',#1823,1.);
#1823 = DIRECTION('',(0.,1.,2.22044604925E-16));
#1824 = ORIENTED_EDGE('',*,*,#1793,.T.);
#1825 = ORIENTED_EDGE('',*,*,#600,.F.);
#1826 = ORIENTED_EDGE('',*,*,#1827,.T.);
#1827 = EDGE_CURVE('',#601,#1818,#1828,.T.);
#1828 = LINE('',#1829,#1830);
#1829 = CARTESIAN_POINT('',(-10.,6.,-0.999999999907));
#1830 = VECTOR('',#1831,1.);
#1831 = DIRECTION('',(-1.,-0.,-0.));
#1832 = PLANE('',#1833);
#1833 = AXIS2_PLACEMENT_3D('',#1834,#1835,#1836);
#1834 = CARTESIAN_POINT('',(-20.,10.,-0.999999999907));
#1835 = DIRECTION('',(0.,2.22044604925E-16,-1.));
#1836 = DIRECTION('',(-1.,-0.,-0.));
#1837 = ADVANCED_FACE('',(#1838),#1856,.T.);
#1838 = FACE_BOUND('',#1839,.T.);
#1839 = EDGE_LOOP('',(#1840,#1848,#1849,#1850));
#1840 = ORIENTED_EDGE('',*,*,#1841,.F.);
#1841 = EDGE_CURVE('',#609,#1842,#1844,.T.);
#1842 = VERTEX_POINT('',#1843);
#1843 = CARTESIAN_POINT('',(8.5,6.,0.999999999907));
#1844 = LINE('',#1845,#1846);
#1845 = CARTESIAN_POINT('',(-10.,6.,0.999999999907));
#1846 = VECTOR('',#1847,1.);
#1847 = DIRECTION('',(-1.,0.,0.));
#1848 = ORIENTED_EDGE('',*,*,#608,.T.);
#1849 = ORIENTED_EDGE('',*,*,#1827,.T.);
#1850 = ORIENTED_EDGE('',*,*,#1851,.F.);
#1851 = EDGE_CURVE('',#1842,#1818,#1852,.T.);
#1852 = LINE('',#1853,#1854);
#1853 = CARTESIAN_POINT('',(8.5,6.,1.259042459043));
#1854 = VECTOR('',#1855,1.);
#1855 = DIRECTION('',(0.,0.,-1.));
#1856 = PLANE('',#1857);
#1857 = AXIS2_PLACEMENT_3D('',#1858,#1859,#1860);
#1858 = CARTESIAN_POINT('',(14.25,6.,-7.669517544426E-28));
#1859 = DIRECTION('',(0.,1.,0.));
#1860 = DIRECTION('',(0.,0.,1.));
#1861 = ADVANCED_FACE('',(#1862),#1880,.T.);
#1862 = FACE_BOUND('',#1863,.T.);
#1863 = EDGE_LOOP('',(#1864,#1872,#1878,#1879));
#1864 = ORIENTED_EDGE('',*,*,#1865,.F.);
#1865 = EDGE_CURVE('',#1866,#1842,#1868,.T.);
#1866 = VERTEX_POINT('',#1867);
#1867 = CARTESIAN_POINT('',(8.5,-5.,0.999999999907));
#1868 = LINE('',#1869,#1870);
#1869 = CARTESIAN_POINT('',(8.5,5.,0.999999999907));
#1870 = VECTOR('',#1871,1.);
#1871 = DIRECTION('',(0.,1.,-2.22044604925E-16));
#1872 = ORIENTED_EDGE('',*,*,#1873,.T.);
#1873 = EDGE_CURVE('',#1866,#617,#1874,.T.);
#1874 = LINE('',#1875,#1876);
#1875 = CARTESIAN_POINT('',(-20.,-5.,0.999999999907));
#1876 = VECTOR('',#1877,1.);
#1877 = DIRECTION('',(1.,0.,0.));
#1878 = ORIENTED_EDGE('',*,*,#616,.F.);
#1879 = ORIENTED_EDGE('',*,*,#1841,.T.);
#1880 = PLANE('',#1881);
#1881 = AXIS2_PLACEMENT_3D('',#1882,#1883,#1884);
#1882 = CARTESIAN_POINT('',(-20.,10.,0.999999999907));
#1883 = DIRECTION('',(0.,2.22044604925E-16,1.));
#1884 = DIRECTION('',(1.,0.,0.));
#1885 = ADVANCED_FACE('',(#1886),#1904,.T.);
#1886 = FACE_BOUND('',#1887,.T.);
#1887 = EDGE_LOOP('',(#1888,#1889,#1897,#1903));
#1888 = ORIENTED_EDGE('',*,*,#1873,.F.);
#1889 = ORIENTED_EDGE('',*,*,#1890,.T.);
#1890 = EDGE_CURVE('',#1866,#1891,#1893,.T.);
#1891 = VERTEX_POINT('',#1892);
#1892 = CARTESIAN_POINT('',(8.5,-5.,3.499999999953));
#1893 = LINE('',#1894,#1895);
#1894 = CARTESIAN_POINT('',(8.5,-5.,1.124765807916));
#1895 = VECTOR('',#1896,1.);
#1896 = DIRECTION('',(0.,0.,1.));
#1897 = ORIENTED_EDGE('',*,*,#1898,.T.);
#1898 = EDGE_CURVE('',#1891,#625,#1899,.T.);
#1899 = LINE('',#1900,#1901);
#1900 = CARTESIAN_POINT('',(-6.,-5.,3.499999999907));
#1901 = VECTOR('',#1902,1.);
#1902 = DIRECTION('',(1.,0.,0.));
#1903 = ORIENTED_EDGE('',*,*,#624,.F.);
#1904 = PLANE('',#1905);
#1905 = AXIS2_PLACEMENT_3D('',#1906,#1907,#1908);
#1906 = CARTESIAN_POINT('',(-3.395784543407E-02,-5.,2.249531615833));
#1907 = DIRECTION('',(0.,1.,0.));
#1908 = DIRECTION('',(0.,0.,1.));
#1909 = ADVANCED_FACE('',(#1910),#1948,.T.);
#1910 = FACE_BOUND('',#1911,.T.);
#1911 = EDGE_LOOP('',(#1912,#1922,#1928,#1929,#1930,#1931,#1932,#1933,
    #1934,#1942));
#1912 = ORIENTED_EDGE('',*,*,#1913,.F.);
#1913 = EDGE_CURVE('',#1914,#1916,#1918,.T.);
#1914 = VERTEX_POINT('',#1915);
#1915 = CARTESIAN_POINT('',(0.,-5.,3.499999999953));
#1916 = VERTEX_POINT('',#1917);
#1917 = CARTESIAN_POINT('',(1.7763568394E-15,-9.499999999997,
    3.499999999986));
#1918 = LINE('',#1919,#1920);
#1919 = CARTESIAN_POINT('',(0.,7.771561172376E-16,3.5));
#1920 = VECTOR('',#1921,1.);
#1921 = DIRECTION('',(0.,-1.,2.22044604925E-16));
#1922 = ORIENTED_EDGE('',*,*,#1923,.F.);
#1923 = EDGE_CURVE('',#801,#1914,#1924,.T.);
#1924 = LINE('',#1925,#1926);
#1925 = CARTESIAN_POINT('',(-6.,-5.,3.499999999907));
#1926 = VECTOR('',#1927,1.);
#1927 = DIRECTION('',(1.,0.,0.));
#1928 = ORIENTED_EDGE('',*,*,#800,.F.);
#1929 = ORIENTED_EDGE('',*,*,#782,.T.);
#1930 = ORIENTED_EDGE('',*,*,#758,.F.);
#1931 = ORIENTED_EDGE('',*,*,#733,.T.);
#1932 = ORIENTED_EDGE('',*,*,#632,.T.);
#1933 = ORIENTED_EDGE('',*,*,#1898,.F.);
#1934 = ORIENTED_EDGE('',*,*,#1935,.T.);
#1935 = EDGE_CURVE('',#1891,#1936,#1938,.T.);
#1936 = VERTEX_POINT('',#1937);
#1937 = CARTESIAN_POINT('',(8.5,-9.5,3.499999999983));
#1938 = LINE('',#1939,#1940);
#1939 = CARTESIAN_POINT('',(8.5,7.771561172376E-16,3.5));
#1940 = VECTOR('',#1941,1.);
#1941 = DIRECTION('',(0.,-1.,2.22044604925E-16));
#1942 = ORIENTED_EDGE('',*,*,#1943,.T.);
#1943 = EDGE_CURVE('',#1936,#1916,#1944,.T.);
#1944 = LINE('',#1945,#1946);
#1945 = CARTESIAN_POINT('',(8.5,-9.5,3.499999999983));
#1946 = VECTOR('',#1947,1.);
#1947 = DIRECTION('',(-1.,0.,0.));
#1948 = PLANE('',#1949);
#1949 = AXIS2_PLACEMENT_3D('',#1950,#1951,#1952);
#1950 = CARTESIAN_POINT('',(5.791063218893,-5.198658263048,
    3.499999999931));
#1951 = DIRECTION('',(-7.252259899277E-13,-1.266195638428E-11,-1.));
#1952 = DIRECTION('',(0.,-1.,1.266195638428E-11));
#1953 = ADVANCED_FACE('',(#1954),#1972,.T.);
#1954 = FACE_BOUND('',#1955,.T.);
#1955 = EDGE_LOOP('',(#1956,#1964,#1965,#1966));
#1956 = ORIENTED_EDGE('',*,*,#1957,.F.);
#1957 = EDGE_CURVE('',#809,#1958,#1960,.T.);
#1958 = VERTEX_POINT('',#1959);
#1959 = CARTESIAN_POINT('',(0.,-5.,3.3));
#1960 = LINE('',#1961,#1962);
#1961 = CARTESIAN_POINT('',(-4.266978922717,-5.,3.3));
#1962 = VECTOR('',#1963,1.);
#1963 = DIRECTION('',(1.,0.,0.));
#1964 = ORIENTED_EDGE('',*,*,#808,.T.);
#1965 = ORIENTED_EDGE('',*,*,#1923,.T.);
#1966 = ORIENTED_EDGE('',*,*,#1967,.T.);
#1967 = EDGE_CURVE('',#1914,#1958,#1968,.T.);
#1968 = LINE('',#1969,#1970);
#1969 = CARTESIAN_POINT('',(0.,-5.,2.874765807916));
#1970 = VECTOR('',#1971,1.);
#1971 = DIRECTION('',(0.,0.,-1.));
#1972 = PLANE('',#1973);
#1973 = AXIS2_PLACEMENT_3D('',#1974,#1975,#1976);
#1974 = CARTESIAN_POINT('',(-3.395784543407E-02,-5.,2.249531615833));
#1975 = DIRECTION('',(0.,1.,0.));
#1976 = DIRECTION('',(0.,0.,1.));
#1977 = ADVANCED_FACE('',(#1978),#2013,.T.);
#1978 = FACE_BOUND('',#1979,.T.);
#1979 = EDGE_LOOP('',(#1980,#1988,#1996,#2004,#2010,#2011,#2012));
#1980 = ORIENTED_EDGE('',*,*,#1981,.T.);
#1981 = EDGE_CURVE('',#1958,#1982,#1984,.T.);
#1982 = VERTEX_POINT('',#1983);
#1983 = CARTESIAN_POINT('',(0.,-9.499999999986,3.299999999989));
#1984 = LINE('',#1985,#1986);
#1985 = CARTESIAN_POINT('',(0.,7.327471962526E-16,3.3));
#1986 = VECTOR('',#1987,1.);
#1987 = DIRECTION('',(0.,-1.,2.22044604925E-16));
#1988 = ORIENTED_EDGE('',*,*,#1989,.F.);
#1989 = EDGE_CURVE('',#1990,#1982,#1992,.T.);
#1990 = VERTEX_POINT('',#1991);
#1991 = CARTESIAN_POINT('',(-8.5,-9.5,3.299999999974));
#1992 = LINE('',#1993,#1994);
#1993 = CARTESIAN_POINT('',(-8.5,-9.5,3.299999999974));
#1994 = VECTOR('',#1995,1.);
#1995 = DIRECTION('',(1.,0.,0.));
#1996 = ORIENTED_EDGE('',*,*,#1997,.F.);
#1997 = EDGE_CURVE('',#1998,#1990,#2000,.T.);
#1998 = VERTEX_POINT('',#1999);
#1999 = CARTESIAN_POINT('',(-8.5,-5.,3.299999999912));
#2000 = LINE('',#2001,#2002);
#2001 = CARTESIAN_POINT('',(-8.5,7.327471962526E-16,3.3));
#2002 = VECTOR('',#2003,1.);
#2003 = DIRECTION('',(0.,-1.,2.22044604925E-16));
#2004 = ORIENTED_EDGE('',*,*,#2005,.F.);
#2005 = EDGE_CURVE('',#1004,#1998,#2006,.T.);
#2006 = LINE('',#2007,#2008);
#2007 = CARTESIAN_POINT('',(-8.5,10.,3.299999999912));
#2008 = VECTOR('',#2009,1.);
#2009 = DIRECTION('',(0.,-1.,2.22044604925E-16));
#2010 = ORIENTED_EDGE('',*,*,#1011,.T.);
#2011 = ORIENTED_EDGE('',*,*,#816,.T.);
#2012 = ORIENTED_EDGE('',*,*,#1957,.T.);
#2013 = PLANE('',#2014);
#2014 = AXIS2_PLACEMENT_3D('',#2015,#2016,#2017);
#2015 = CARTESIAN_POINT('',(-5.828947368421,-1.578947368421,
    3.29999999995));
#2016 = DIRECTION('',(3.395998235443E-12,-4.259737293771E-12,-1.));
#2017 = DIRECTION('',(0.,-1.,4.259737293771E-12));
#2018 = ADVANCED_FACE('',(#2019),#2037,.F.);
#2019 = FACE_BOUND('',#2020,.T.);
#2020 = EDGE_LOOP('',(#2021,#2028,#2035,#2036));
#2021 = ORIENTED_EDGE('',*,*,#2022,.T.);
#2022 = EDGE_CURVE('',#848,#2023,#2025,.T.);
#2023 = VERTEX_POINT('',#2024);
#2024 = CARTESIAN_POINT('',(-22.85,4.,-6.));
#2025 = B_SPLINE_CURVE_WITH_KNOTS('',1,(#2026,#2027),.UNSPECIFIED.,.F.,
  .F.,(2,2),(-6.5,6.5),.PIECEWISE_BEZIER_KNOTS.);
#2026 = CARTESIAN_POINT('',(-22.85,4.,6.5));
#2027 = CARTESIAN_POINT('',(-22.85,4.,-6.5));
#2028 = ORIENTED_EDGE('',*,*,#2029,.T.);
#2029 = EDGE_CURVE('',#2023,#2023,#2030,.T.);
#2030 = CIRCLE('',#2031,2.15);
#2031 = AXIS2_PLACEMENT_3D('',#2032,#2033,#2034);
#2032 = CARTESIAN_POINT('',(-25.,4.,-6.));
#2033 = DIRECTION('',(0.,0.,-1.));
#2034 = DIRECTION('',(1.,0.,0.));
#2035 = ORIENTED_EDGE('',*,*,#2022,.F.);
#2036 = ORIENTED_EDGE('',*,*,#857,.F.);
#2037 = CYLINDRICAL_SURFACE('',#2038,2.15);
#2038 = AXIS2_PLACEMENT_3D('',#2039,#2040,#2041);
#2039 = CARTESIAN_POINT('',(-25.,4.,0.));
#2040 = DIRECTION('',(-0.,-0.,-1.));
#2041 = DIRECTION('',(1.,0.,0.));
#2042 = ADVANCED_FACE('',(#2043),#2055,.F.);
#2043 = FACE_BOUND('',#2044,.T.);
#2044 = EDGE_LOOP('',(#2045,#2052,#2053,#2054));
#2045 = ORIENTED_EDGE('',*,*,#2046,.F.);
#2046 = EDGE_CURVE('',#906,#980,#2047,.T.);
#2047 = PARABOLA('',#2048,1.06066017178);
#2048 = AXIS2_PLACEMENT_3D('',#2049,#2050,#2051);
#2049 = CARTESIAN_POINT('',(-28.,11.5,0.));
#2050 = DIRECTION('',(0.707106781187,-0.707106781187,0.));
#2051 = DIRECTION('',(-0.707106781187,-0.707106781187,0.));
#2052 = ORIENTED_EDGE('',*,*,#905,.T.);
#2053 = ORIENTED_EDGE('',*,*,#873,.F.);
#2054 = ORIENTED_EDGE('',*,*,#1040,.F.);
#2055 = PLANE('',#2056);
#2056 = AXIS2_PLACEMENT_3D('',#2057,#2058,#2059);
#2057 = CARTESIAN_POINT('',(-29.75,9.75,3.));
#2058 = DIRECTION('',(0.707106781187,-0.707106781187,0.));
#2059 = DIRECTION('',(-0.,-0.,-1.));
#2060 = ADVANCED_FACE('',(#2061),#2072,.T.);
#2061 = FACE_BOUND('',#2062,.T.);
#2062 = EDGE_LOOP('',(#2063,#2064,#2065,#2071));
#2063 = ORIENTED_EDGE('',*,*,#889,.T.);
#2064 = ORIENTED_EDGE('',*,*,#947,.T.);
#2065 = ORIENTED_EDGE('',*,*,#2066,.T.);
#2066 = EDGE_CURVE('',#940,#1056,#2067,.T.);
#2067 = LINE('',#2068,#2069);
#2068 = CARTESIAN_POINT('',(-29.875,-9.625,-6.));
#2069 = VECTOR('',#2070,1.);
#2070 = DIRECTION('',(0.707106781187,-0.707106781187,0.));
#2071 = ORIENTED_EDGE('',*,*,#1055,.F.);
#2072 = PLANE('',#2073);
#2073 = AXIS2_PLACEMENT_3D('',#2074,#2075,#2076);
#2074 = CARTESIAN_POINT('',(-29.75,-9.75,6.5));
#2075 = DIRECTION('',(-0.707106781187,-0.707106781187,0.));
#2076 = DIRECTION('',(0.,0.,-1.));
#2077 = ADVANCED_FACE('',(#2078),#2097,.F.);
#2078 = FACE_BOUND('',#2079,.F.);
#2079 = EDGE_LOOP('',(#2080,#2081,#2082,#2090));
#2080 = ORIENTED_EDGE('',*,*,#2046,.F.);
#2081 = ORIENTED_EDGE('',*,*,#913,.T.);
#2082 = ORIENTED_EDGE('',*,*,#2083,.T.);
#2083 = EDGE_CURVE('',#914,#2084,#2086,.T.);
#2084 = VERTEX_POINT('',#2085);
#2085 = CARTESIAN_POINT('',(-29.5,7.,1.836970198721E-16));
#2086 = LINE('',#2087,#2088);
#2087 = CARTESIAN_POINT('',(-29.5,7.,1.836970198721E-16));
#2088 = VECTOR('',#2089,1.);
#2089 = DIRECTION('',(0.707106781187,0.707106781187,-4.329780281177E-17)
  );
#2090 = ORIENTED_EDGE('',*,*,#2091,.F.);
#2091 = EDGE_CURVE('',#980,#2084,#2092,.T.);
#2092 = CIRCLE('',#2093,3.);
#2093 = AXIS2_PLACEMENT_3D('',#2094,#2095,#2096);
#2094 = CARTESIAN_POINT('',(-29.5,10.,0.));
#2095 = DIRECTION('',(1.,0.,-0.));
#2096 = DIRECTION('',(0.,0.,1.));
#2097 = CONICAL_SURFACE('',#2098,3.,0.785398163397);
#2098 = AXIS2_PLACEMENT_3D('',#2099,#2100,#2101);
#2099 = CARTESIAN_POINT('',(-29.5,10.,0.));
#2100 = DIRECTION('',(-1.,-0.,-0.));
#2101 = DIRECTION('',(0.,0.,1.));
#2102 = ADVANCED_FACE('',(#2103),#2119,.F.);
#2103 = FACE_BOUND('',#2104,.F.);
#2104 = EDGE_LOOP('',(#2105,#2111,#2112,#2118));
#2105 = ORIENTED_EDGE('',*,*,#2106,.F.);
#2106 = EDGE_CURVE('',#932,#1493,#2107,.T.);
#2107 = LINE('',#2108,#2109);
#2108 = CARTESIAN_POINT('',(-29.875,9.5,-6.125));
#2109 = VECTOR('',#2110,1.);
#2110 = DIRECTION('',(0.707106781187,-3.749777238448E-15,-0.707106781187
    ));
#2111 = ORIENTED_EDGE('',*,*,#939,.T.);
#2112 = ORIENTED_EDGE('',*,*,#2113,.T.);
#2113 = EDGE_CURVE('',#940,#1475,#2114,.T.);
#2114 = LINE('',#2115,#2116);
#2115 = CARTESIAN_POINT('',(-29.875,-9.5,-6.125));
#2116 = VECTOR('',#2117,1.);
#2117 = DIRECTION('',(0.707106781187,0.,-0.707106781187));
#2118 = ORIENTED_EDGE('',*,*,#1500,.F.);
#2119 = PLANE('',#2120);
#2120 = AXIS2_PLACEMENT_3D('',#2121,#2122,#2123);
#2121 = CARTESIAN_POINT('',(-29.75,10.,-6.25));
#2122 = DIRECTION('',(0.707106781187,0.,0.707106781187));
#2123 = DIRECTION('',(0.,-1.,0.));
#2124 = ADVANCED_FACE('',(#2125),#2143,.F.);
#2125 = FACE_BOUND('',#2126,.F.);
#2126 = EDGE_LOOP('',(#2127,#2128,#2129,#2136));
#2127 = ORIENTED_EDGE('',*,*,#2083,.F.);
#2128 = ORIENTED_EDGE('',*,*,#922,.T.);
#2129 = ORIENTED_EDGE('',*,*,#2130,.T.);
#2130 = EDGE_CURVE('',#923,#1315,#2131,.T.);
#2131 = PARABOLA('',#2132,1.06066017178);
#2132 = AXIS2_PLACEMENT_3D('',#2133,#2134,#2135);
#2133 = CARTESIAN_POINT('',(-28.,11.5,0.));
#2134 = DIRECTION('',(-0.707106781187,0.707106781187,0.));
#2135 = DIRECTION('',(-0.707106781187,-0.707106781187,0.));
#2136 = ORIENTED_EDGE('',*,*,#2137,.F.);
#2137 = EDGE_CURVE('',#2084,#1315,#2138,.T.);
#2138 = CIRCLE('',#2139,3.);
#2139 = AXIS2_PLACEMENT_3D('',#2140,#2141,#2142);
#2140 = CARTESIAN_POINT('',(-29.5,10.,0.));
#2141 = DIRECTION('',(1.,0.,0.));
#2142 = DIRECTION('',(0.,-1.,-1.224646799147E-16));
#2143 = CONICAL_SURFACE('',#2144,3.,0.785398163397);
#2144 = AXIS2_PLACEMENT_3D('',#2145,#2146,#2147);
#2145 = CARTESIAN_POINT('',(-29.5,10.,0.));
#2146 = DIRECTION('',(-1.,-0.,-0.));
#2147 = DIRECTION('',(0.,-1.,-1.224646799147E-16));
#2148 = ADVANCED_FACE('',(#2149),#2160,.T.);
#2149 = FACE_BOUND('',#2150,.F.);
#2150 = EDGE_LOOP('',(#2151,#2152,#2153,#2159));
#2151 = ORIENTED_EDGE('',*,*,#2130,.F.);
#2152 = ORIENTED_EDGE('',*,*,#931,.T.);
#2153 = ORIENTED_EDGE('',*,*,#2154,.T.);
#2154 = EDGE_CURVE('',#932,#1379,#2155,.T.);
#2155 = LINE('',#2156,#2157);
#2156 = CARTESIAN_POINT('',(-29.875,9.625,-6.));
#2157 = VECTOR('',#2158,1.);
#2158 = DIRECTION('',(0.707106781187,0.707106781187,2.403703357979E-15)
  );
#2159 = ORIENTED_EDGE('',*,*,#1386,.F.);
#2160 = PLANE('',#2161);
#2161 = AXIS2_PLACEMENT_3D('',#2162,#2163,#2164);
#2162 = CARTESIAN_POINT('',(-29.75,9.75,-3.));
#2163 = DIRECTION('',(-0.707106781187,0.707106781187,0.));
#2164 = DIRECTION('',(-0.,-0.,1.));
#2165 = ADVANCED_FACE('',(#2166),#2178,.F.);
#2166 = FACE_BOUND('',#2167,.F.);
#2167 = EDGE_LOOP('',(#2168,#2175,#2176,#2177));
#2168 = ORIENTED_EDGE('',*,*,#2169,.F.);
#2169 = EDGE_CURVE('',#1202,#1026,#2170,.T.);
#2170 = PARABOLA('',#2171,1.06066017178);
#2171 = AXIS2_PLACEMENT_3D('',#2172,#2173,#2174);
#2172 = CARTESIAN_POINT('',(28.,11.5,0.));
#2173 = DIRECTION('',(0.707106781187,0.707106781187,0.));
#2174 = DIRECTION('',(0.707106781187,-0.707106781187,0.));
#2175 = ORIENTED_EDGE('',*,*,#1210,.T.);
#2176 = ORIENTED_EDGE('',*,*,#962,.T.);
#2177 = ORIENTED_EDGE('',*,*,#1033,.F.);
#2178 = PLANE('',#2179);
#2179 = AXIS2_PLACEMENT_3D('',#2180,#2181,#2182);
#2180 = CARTESIAN_POINT('',(29.75,9.75,3.));
#2181 = DIRECTION('',(-0.707106781187,-0.707106781187,0.));
#2182 = DIRECTION('',(0.,0.,1.));
#2183 = ADVANCED_FACE('',(#2184),#2224,.F.);
#2184 = FACE_BOUND('',#2185,.F.);
#2185 = EDGE_LOOP('',(#2186,#2187,#2188,#2189,#2190,#2199,#2208,#2217));
#2186 = ORIENTED_EDGE('',*,*,#977,.T.);
#2187 = ORIENTED_EDGE('',*,*,#2091,.T.);
#2188 = ORIENTED_EDGE('',*,*,#2137,.T.);
#2189 = ORIENTED_EDGE('',*,*,#1312,.F.);
#2190 = ORIENTED_EDGE('',*,*,#2191,.T.);
#2191 = EDGE_CURVE('',#1313,#2192,#2194,.T.);
#2192 = VERTEX_POINT('',#2193);
#2193 = CARTESIAN_POINT('',(-20.,7.171572875221,-0.999999999907));
#2194 = CIRCLE('',#2195,3.);
#2195 = AXIS2_PLACEMENT_3D('',#2196,#2197,#2198);
#2196 = CARTESIAN_POINT('',(-20.,10.,0.));
#2197 = DIRECTION('',(-1.,0.,0.));
#2198 = DIRECTION('',(0.,1.,0.));
#2199 = ORIENTED_EDGE('',*,*,#2200,.T.);
#2200 = EDGE_CURVE('',#2192,#2201,#2203,.T.);
#2201 = VERTEX_POINT('',#2202);
#2202 = CARTESIAN_POINT('',(-20.,7.,0.));
#2203 = CIRCLE('',#2204,3.);
#2204 = AXIS2_PLACEMENT_3D('',#2205,#2206,#2207);
#2205 = CARTESIAN_POINT('',(-20.,10.,0.));
#2206 = DIRECTION('',(-1.,0.,0.));
#2207 = DIRECTION('',(0.,1.,0.));
#2208 = ORIENTED_EDGE('',*,*,#2209,.F.);
#2209 = EDGE_CURVE('',#2210,#2201,#2212,.T.);
#2210 = VERTEX_POINT('',#2211);
#2211 = CARTESIAN_POINT('',(-20.,7.171572875221,0.999999999907));
#2212 = CIRCLE('',#2213,3.);
#2213 = AXIS2_PLACEMENT_3D('',#2214,#2215,#2216);
#2214 = CARTESIAN_POINT('',(-20.,10.,0.));
#2215 = DIRECTION('',(1.,0.,0.));
#2216 = DIRECTION('',(0.,1.,0.));
#2217 = ORIENTED_EDGE('',*,*,#2218,.F.);
#2218 = EDGE_CURVE('',#978,#2210,#2219,.T.);
#2219 = CIRCLE('',#2220,3.);
#2220 = AXIS2_PLACEMENT_3D('',#2221,#2222,#2223);
#2221 = CARTESIAN_POINT('',(-20.,10.,0.));
#2222 = DIRECTION('',(1.,0.,0.));
#2223 = DIRECTION('',(0.,1.,0.));
#2224 = CYLINDRICAL_SURFACE('',#2225,3.);
#2225 = AXIS2_PLACEMENT_3D('',#2226,#2227,#2228);
#2226 = CARTESIAN_POINT('',(0.,10.,0.));
#2227 = DIRECTION('',(1.,0.,0.));
#2228 = DIRECTION('',(0.,1.,0.));
#2229 = ADVANCED_FACE('',(#2230),#2292,.T.);
#2230 = FACE_BOUND('',#2231,.T.);
#2231 = EDGE_LOOP('',(#2232,#2233,#2234,#2242,#2250,#2258,#2266,#2274,
    #2282,#2288,#2289,#2290,#2291));
#2232 = ORIENTED_EDGE('',*,*,#2218,.F.);
#2233 = ORIENTED_EDGE('',*,*,#987,.F.);
#2234 = ORIENTED_EDGE('',*,*,#2235,.T.);
#2235 = EDGE_CURVE('',#988,#2236,#2238,.T.);
#2236 = VERTEX_POINT('',#2237);
#2237 = CARTESIAN_POINT('',(-20.,-5.,3.499999999912));
#2238 = LINE('',#2239,#2240);
#2239 = CARTESIAN_POINT('',(-20.,10.,3.499999999912));
#2240 = VECTOR('',#2241,1.);
#2241 = DIRECTION('',(0.,-1.,2.22044604925E-16));
#2242 = ORIENTED_EDGE('',*,*,#2243,.T.);
#2243 = EDGE_CURVE('',#2236,#2244,#2246,.T.);
#2244 = VERTEX_POINT('',#2245);
#2245 = CARTESIAN_POINT('',(-20.,-5.,0.999999999907));
#2246 = LINE('',#2247,#2248);
#2247 = CARTESIAN_POINT('',(-20.,-5.,3.499999999912));
#2248 = VECTOR('',#2249,1.);
#2249 = DIRECTION('',(0.,-2.22044604925E-16,-1.));
#2250 = ORIENTED_EDGE('',*,*,#2251,.F.);
#2251 = EDGE_CURVE('',#2252,#2244,#2254,.T.);
#2252 = VERTEX_POINT('',#2253);
#2253 = CARTESIAN_POINT('',(-20.,6.,0.999999999907));
#2254 = LINE('',#2255,#2256);
#2255 = CARTESIAN_POINT('',(-20.,10.,0.999999999907));
#2256 = VECTOR('',#2257,1.);
#2257 = DIRECTION('',(0.,-1.,2.22044604925E-16));
#2258 = ORIENTED_EDGE('',*,*,#2259,.T.);
#2259 = EDGE_CURVE('',#2252,#2260,#2262,.T.);
#2260 = VERTEX_POINT('',#2261);
#2261 = CARTESIAN_POINT('',(-20.,6.,-0.999999999907));
#2262 = LINE('',#2263,#2264);
#2263 = CARTESIAN_POINT('',(-20.,6.,3.));
#2264 = VECTOR('',#2265,1.);
#2265 = DIRECTION('',(0.,-2.22044604925E-16,-1.));
#2266 = ORIENTED_EDGE('',*,*,#2267,.T.);
#2267 = EDGE_CURVE('',#2260,#2268,#2270,.T.);
#2268 = VERTEX_POINT('',#2269);
#2269 = CARTESIAN_POINT('',(-20.,-5.,-0.999999999907));
#2270 = LINE('',#2271,#2272);
#2271 = CARTESIAN_POINT('',(-20.,10.,-0.999999999907));
#2272 = VECTOR('',#2273,1.);
#2273 = DIRECTION('',(-0.,-1.,-2.22044604925E-16));
#2274 = ORIENTED_EDGE('',*,*,#2275,.F.);
#2275 = EDGE_CURVE('',#2276,#2268,#2278,.T.);
#2276 = VERTEX_POINT('',#2277);
#2277 = CARTESIAN_POINT('',(-20.,-5.,-3.499999999912));
#2278 = LINE('',#2279,#2280);
#2279 = CARTESIAN_POINT('',(-20.,-5.,-3.499999999912));
#2280 = VECTOR('',#2281,1.);
#2281 = DIRECTION('',(0.,-2.22044604925E-16,1.));
#2282 = ORIENTED_EDGE('',*,*,#2283,.F.);
#2283 = EDGE_CURVE('',#1323,#2276,#2284,.T.);
#2284 = LINE('',#2285,#2286);
#2285 = CARTESIAN_POINT('',(-20.,10.,-3.499999999912));
#2286 = VECTOR('',#2287,1.);
#2287 = DIRECTION('',(-0.,-1.,-2.22044604925E-16));
#2288 = ORIENTED_EDGE('',*,*,#1322,.T.);
#2289 = ORIENTED_EDGE('',*,*,#2191,.T.);
#2290 = ORIENTED_EDGE('',*,*,#2200,.T.);
#2291 = ORIENTED_EDGE('',*,*,#2209,.F.);
#2292 = PLANE('',#2293);
#2293 = AXIS2_PLACEMENT_3D('',#2294,#2295,#2296);
#2294 = CARTESIAN_POINT('',(-20.,2.29171950168,1.815435443475E-16));
#2295 = DIRECTION('',(1.,0.,0.));
#2296 = DIRECTION('',(0.,0.,1.));
#2297 = ADVANCED_FACE('',(#2298),#2316,.F.);
#2298 = FACE_BOUND('',#2299,.F.);
#2299 = EDGE_LOOP('',(#2300,#2301,#2309,#2315));
#2300 = ORIENTED_EDGE('',*,*,#2235,.T.);
#2301 = ORIENTED_EDGE('',*,*,#2302,.T.);
#2302 = EDGE_CURVE('',#2236,#2303,#2305,.T.);
#2303 = VERTEX_POINT('',#2304);
#2304 = CARTESIAN_POINT('',(-8.5,-5.,3.499999999912));
#2305 = LINE('',#2306,#2307);
#2306 = CARTESIAN_POINT('',(-20.,-5.,3.499999999912));
#2307 = VECTOR('',#2308,1.);
#2308 = DIRECTION('',(1.,0.,0.));
#2309 = ORIENTED_EDGE('',*,*,#2310,.F.);
#2310 = EDGE_CURVE('',#996,#2303,#2311,.T.);
#2311 = LINE('',#2312,#2313);
#2312 = CARTESIAN_POINT('',(-8.5,10.,3.499999999912));
#2313 = VECTOR('',#2314,1.);
#2314 = DIRECTION('',(0.,-1.,2.22044604925E-16));
#2315 = ORIENTED_EDGE('',*,*,#995,.F.);
#2316 = PLANE('',#2317);
#2317 = AXIS2_PLACEMENT_3D('',#2318,#2319,#2320);
#2318 = CARTESIAN_POINT('',(-20.,10.,3.499999999912));
#2319 = DIRECTION('',(0.,2.22044604925E-16,1.));
#2320 = DIRECTION('',(1.,0.,0.));
#2321 = ADVANCED_FACE('',(#2322),#2333,.F.);
#2322 = FACE_BOUND('',#2323,.F.);
#2323 = EDGE_LOOP('',(#2324,#2325,#2331,#2332));
#2324 = ORIENTED_EDGE('',*,*,#2310,.T.);
#2325 = ORIENTED_EDGE('',*,*,#2326,.T.);
#2326 = EDGE_CURVE('',#2303,#1998,#2327,.T.);
#2327 = LINE('',#2328,#2329);
#2328 = CARTESIAN_POINT('',(-8.5,-5.,3.499999999912));
#2329 = VECTOR('',#2330,1.);
#2330 = DIRECTION('',(0.,-2.22044604925E-16,-1.));
#2331 = ORIENTED_EDGE('',*,*,#2005,.F.);
#2332 = ORIENTED_EDGE('',*,*,#1003,.F.);
#2333 = PLANE('',#2334);
#2334 = AXIS2_PLACEMENT_3D('',#2335,#2336,#2337);
#2335 = CARTESIAN_POINT('',(-8.5,10.,3.499999999912));
#2336 = DIRECTION('',(1.,0.,0.));
#2337 = DIRECTION('',(0.,-2.22044604925E-16,-1.));
#2338 = ADVANCED_FACE('',(#2339),#2350,.T.);
#2339 = FACE_BOUND('',#2340,.T.);
#2340 = EDGE_LOOP('',(#2341,#2342,#2343,#2349));
#2341 = ORIENTED_EDGE('',*,*,#1152,.T.);
#2342 = ORIENTED_EDGE('',*,*,#1071,.T.);
#2343 = ORIENTED_EDGE('',*,*,#2344,.T.);
#2344 = EDGE_CURVE('',#1064,#1169,#2345,.T.);
#2345 = LINE('',#2346,#2347);
#2346 = CARTESIAN_POINT('',(29.75,-9.75,-6.));
#2347 = VECTOR('',#2348,1.);
#2348 = DIRECTION('',(0.707106781187,0.707106781187,-4.999702984597E-15)
  );
#2349 = ORIENTED_EDGE('',*,*,#1168,.F.);
#2350 = PLANE('',#2351);
#2351 = AXIS2_PLACEMENT_3D('',#2352,#2353,#2354);
#2352 = CARTESIAN_POINT('',(29.75,-9.75,6.5));
#2353 = DIRECTION('',(0.707106781187,-0.707106781187,0.));
#2354 = DIRECTION('',(0.,0.,-1.));
#2355 = ADVANCED_FACE('',(#2356),#2372,.F.);
#2356 = FACE_BOUND('',#2357,.F.);
#2357 = EDGE_LOOP('',(#2358,#2359,#2365,#2366));
#2358 = ORIENTED_EDGE('',*,*,#1063,.T.);
#2359 = ORIENTED_EDGE('',*,*,#2360,.F.);
#2360 = EDGE_CURVE('',#1477,#1064,#2361,.T.);
#2361 = LINE('',#2362,#2363);
#2362 = CARTESIAN_POINT('',(29.5,-9.625,-6.375));
#2363 = VECTOR('',#2364,1.);
#2364 = DIRECTION('',(0.,-0.707106781187,0.707106781187));
#2365 = ORIENTED_EDGE('',*,*,#1474,.F.);
#2366 = ORIENTED_EDGE('',*,*,#2367,.F.);
#2367 = EDGE_CURVE('',#1056,#1475,#2368,.T.);
#2368 = LINE('',#2369,#2370);
#2369 = CARTESIAN_POINT('',(-29.5,-9.75,-6.25));
#2370 = VECTOR('',#2371,1.);
#2371 = DIRECTION('',(0.,0.707106781187,-0.707106781187));
#2372 = PLANE('',#2373);
#2373 = AXIS2_PLACEMENT_3D('',#2374,#2375,#2376);
#2374 = CARTESIAN_POINT('',(-30.,-9.75,-6.25));
#2375 = DIRECTION('',(0.,0.707106781187,0.707106781187));
#2376 = DIRECTION('',(1.,0.,0.));
#2377 = ADVANCED_FACE('',(#2378),#2394,.T.);
#2378 = FACE_BOUND('',#2379,.F.);
#2379 = EDGE_LOOP('',(#2380,#2386,#2387,#2393));
#2380 = ORIENTED_EDGE('',*,*,#2381,.F.);
#2381 = EDGE_CURVE('',#1080,#1990,#2382,.T.);
#2382 = LINE('',#2383,#2384);
#2383 = CARTESIAN_POINT('',(-7.566666666671,-8.566666666671,
    2.366666666644));
#2384 = VECTOR('',#2385,1.);
#2385 = DIRECTION('',(0.577350269189,0.577350269189,-0.57735026919));
#2386 = ORIENTED_EDGE('',*,*,#1079,.T.);
#2387 = ORIENTED_EDGE('',*,*,#2388,.T.);
#2388 = EDGE_CURVE('',#1082,#1982,#2389,.T.);
#2389 = LINE('',#2390,#2391);
#2390 = CARTESIAN_POINT('',(-1.616666666661,-11.11666666666,
    4.916666666665));
#2391 = VECTOR('',#2392,1.);
#2392 = DIRECTION('',(0.577350269189,0.577350269189,-0.57735026919));
#2393 = ORIENTED_EDGE('',*,*,#1989,.F.);
#2394 = PLANE('',#2395);
#2395 = AXIS2_PLACEMENT_3D('',#2396,#2397,#2398);
#2396 = CARTESIAN_POINT('',(-8.5,-9.75,3.549999999975));
#2397 = DIRECTION('',(2.401335667927E-12,-0.707106781188,-0.707106781185
    ));
#2398 = DIRECTION('',(-1.,-1.6980007347E-12,-1.698000734693E-12));
#2399 = ADVANCED_FACE('',(#2400),#2418,.T.);
#2400 = FACE_BOUND('',#2401,.F.);
#2401 = EDGE_LOOP('',(#2402,#2410,#2411,#2412));
#2402 = ORIENTED_EDGE('',*,*,#2403,.F.);
#2403 = EDGE_CURVE('',#1130,#2404,#2406,.T.);
#2404 = VERTEX_POINT('',#2405);
#2405 = CARTESIAN_POINT('',(-8.5,-9.5,-3.299999999974));
#2406 = LINE('',#2407,#2408);
#2407 = CARTESIAN_POINT('',(-8.666666666671,-9.666666666671,
    -3.466666666646));
#2408 = VECTOR('',#2409,1.);
#2409 = DIRECTION('',(0.577350269189,0.577350269189,0.57735026919));
#2410 = ORIENTED_EDGE('',*,*,#1137,.T.);
#2411 = ORIENTED_EDGE('',*,*,#2381,.T.);
#2412 = ORIENTED_EDGE('',*,*,#2413,.F.);
#2413 = EDGE_CURVE('',#2404,#1990,#2414,.T.);
#2414 = LINE('',#2415,#2416);
#2415 = CARTESIAN_POINT('',(-8.5,-9.5,-3.3));
#2416 = VECTOR('',#2417,1.);
#2417 = DIRECTION('',(0.,0.,1.));
#2418 = PLANE('',#2419);
#2419 = AXIS2_PLACEMENT_3D('',#2420,#2421,#2422);
#2420 = CARTESIAN_POINT('',(-8.75,-9.75,-3.3));
#2421 = DIRECTION('',(0.707106781187,-0.707106781187,0.));
#2422 = DIRECTION('',(-0.,-0.,-1.));
#2423 = ADVANCED_FACE('',(#2424),#2440,.T.);
#2424 = FACE_BOUND('',#2425,.T.);
#2425 = EDGE_LOOP('',(#2426,#2432,#2433,#2434));
#2426 = ORIENTED_EDGE('',*,*,#2427,.F.);
#2427 = EDGE_CURVE('',#1090,#1916,#2428,.T.);
#2428 = LINE('',#2429,#2430);
#2429 = CARTESIAN_POINT('',(1.249999999987,-8.250000000013,
    2.249999999986));
#2430 = VECTOR('',#2431,1.);
#2431 = DIRECTION('',(0.577350269187,0.577350269187,-0.577350269195));
#2432 = ORIENTED_EDGE('',*,*,#1089,.T.);
#2433 = ORIENTED_EDGE('',*,*,#2388,.T.);
#2434 = ORIENTED_EDGE('',*,*,#2435,.F.);
#2435 = EDGE_CURVE('',#1916,#1982,#2436,.T.);
#2436 = LINE('',#2437,#2438);
#2437 = CARTESIAN_POINT('',(0.,-9.5,3.5));
#2438 = VECTOR('',#2439,1.);
#2439 = DIRECTION('',(0.,0.,-1.));
#2440 = PLANE('',#2441);
#2441 = AXIS2_PLACEMENT_3D('',#2442,#2443,#2444);
#2442 = CARTESIAN_POINT('',(-0.25,-9.75,3.5));
#2443 = DIRECTION('',(0.707106781187,-0.707106781187,0.));
#2444 = DIRECTION('',(0.,0.,-1.));
#2445 = ADVANCED_FACE('',(#2446),#2464,.F.);
#2446 = FACE_BOUND('',#2447,.T.);
#2447 = EDGE_LOOP('',(#2448,#2449,#2450,#2458));
#2448 = ORIENTED_EDGE('',*,*,#2403,.F.);
#2449 = ORIENTED_EDGE('',*,*,#1129,.T.);
#2450 = ORIENTED_EDGE('',*,*,#2451,.T.);
#2451 = EDGE_CURVE('',#1122,#2452,#2454,.T.);
#2452 = VERTEX_POINT('',#2453);
#2453 = CARTESIAN_POINT('',(1.665334536938E-16,-9.5,-3.3));
#2454 = LINE('',#2455,#2456);
#2455 = CARTESIAN_POINT('',(-1.616666666661,-11.11666666666,
    -4.916666666665));
#2456 = VECTOR('',#2457,1.);
#2457 = DIRECTION('',(0.577350269189,0.577350269189,0.57735026919));
#2458 = ORIENTED_EDGE('',*,*,#2459,.F.);
#2459 = EDGE_CURVE('',#2404,#2452,#2460,.T.);
#2460 = LINE('',#2461,#2462);
#2461 = CARTESIAN_POINT('',(-8.5,-9.5,-3.299999999974));
#2462 = VECTOR('',#2463,1.);
#2463 = DIRECTION('',(1.,0.,0.));
#2464 = PLANE('',#2465);
#2465 = AXIS2_PLACEMENT_3D('',#2466,#2467,#2468);
#2466 = CARTESIAN_POINT('',(-8.5,-9.75,-3.549999999975));
#2467 = DIRECTION('',(-2.401335667927E-12,0.707106781188,-0.707106781185
    ));
#2468 = DIRECTION('',(-1.,-1.6980007347E-12,1.698000734693E-12));
#2469 = ADVANCED_FACE('',(#2470),#2481,.T.);
#2470 = FACE_BOUND('',#2471,.T.);
#2471 = EDGE_LOOP('',(#2472,#2478,#2479,#2480));
#2472 = ORIENTED_EDGE('',*,*,#2473,.F.);
#2473 = EDGE_CURVE('',#1098,#1936,#2474,.T.);
#2474 = LINE('',#2475,#2476);
#2475 = CARTESIAN_POINT('',(7.499999999998,-8.499999999998,
    2.499999999969));
#2476 = VECTOR('',#2477,1.);
#2477 = DIRECTION('',(-0.577350269187,0.577350269187,-0.577350269194));
#2478 = ORIENTED_EDGE('',*,*,#1097,.T.);
#2479 = ORIENTED_EDGE('',*,*,#2427,.T.);
#2480 = ORIENTED_EDGE('',*,*,#1943,.F.);
#2481 = PLANE('',#2482);
#2482 = AXIS2_PLACEMENT_3D('',#2483,#2484,#2485);
#2483 = CARTESIAN_POINT('',(8.5,-9.75,3.749999999986));
#2484 = DIRECTION('',(-5.128194583983E-13,-0.707106781191,
    -0.707106781182));
#2485 = DIRECTION('',(-1.,3.626181165602E-13,3.626181165556E-13));
#2486 = ADVANCED_FACE('',(#2487),#2503,.F.);
#2487 = FACE_BOUND('',#2488,.F.);
#2488 = EDGE_LOOP('',(#2489,#2495,#2496,#2497));
#2489 = ORIENTED_EDGE('',*,*,#2490,.F.);
#2490 = EDGE_CURVE('',#1114,#1723,#2491,.T.);
#2491 = LINE('',#2492,#2493);
#2492 = CARTESIAN_POINT('',(1.249999999987,-8.250000000013,
    -2.249999999986));
#2493 = VECTOR('',#2494,1.);
#2494 = DIRECTION('',(0.577350269187,0.577350269187,0.577350269195));
#2495 = ORIENTED_EDGE('',*,*,#1121,.T.);
#2496 = ORIENTED_EDGE('',*,*,#2451,.T.);
#2497 = ORIENTED_EDGE('',*,*,#2498,.F.);
#2498 = EDGE_CURVE('',#1723,#2452,#2499,.T.);
#2499 = LINE('',#2500,#2501);
#2500 = CARTESIAN_POINT('',(0.,-9.5,-3.5));
#2501 = VECTOR('',#2502,1.);
#2502 = DIRECTION('',(0.,0.,1.));
#2503 = PLANE('',#2504);
#2504 = AXIS2_PLACEMENT_3D('',#2505,#2506,#2507);
#2505 = CARTESIAN_POINT('',(-0.25,-9.75,-3.5));
#2506 = DIRECTION('',(-0.707106781187,0.707106781187,0.));
#2507 = DIRECTION('',(0.,0.,1.));
#2508 = ADVANCED_FACE('',(#2509),#2525,.T.);
#2509 = FACE_BOUND('',#2510,.T.);
#2510 = EDGE_LOOP('',(#2511,#2517,#2518,#2519));
#2511 = ORIENTED_EDGE('',*,*,#2512,.F.);
#2512 = EDGE_CURVE('',#1106,#1772,#2513,.T.);
#2513 = LINE('',#2514,#2515);
#2514 = CARTESIAN_POINT('',(8.666666666669,-9.666666666669,
    -3.666666666654));
#2515 = VECTOR('',#2516,1.);
#2516 = DIRECTION('',(-0.577350269187,0.577350269187,0.577350269194));
#2517 = ORIENTED_EDGE('',*,*,#1105,.T.);
#2518 = ORIENTED_EDGE('',*,*,#2473,.T.);
#2519 = ORIENTED_EDGE('',*,*,#2520,.F.);
#2520 = EDGE_CURVE('',#1772,#1936,#2521,.T.);
#2521 = LINE('',#2522,#2523);
#2522 = CARTESIAN_POINT('',(8.5,-9.5,-3.5));
#2523 = VECTOR('',#2524,1.);
#2524 = DIRECTION('',(0.,0.,1.));
#2525 = PLANE('',#2526);
#2526 = AXIS2_PLACEMENT_3D('',#2527,#2528,#2529);
#2527 = CARTESIAN_POINT('',(8.75,-9.75,-3.5));
#2528 = DIRECTION('',(-0.707106781187,-0.707106781187,0.));
#2529 = DIRECTION('',(0.,0.,1.));
#2530 = ADVANCED_FACE('',(#2531),#2537,.F.);
#2531 = FACE_BOUND('',#2532,.F.);
#2532 = EDGE_LOOP('',(#2533,#2534,#2535,#2536));
#2533 = ORIENTED_EDGE('',*,*,#2512,.F.);
#2534 = ORIENTED_EDGE('',*,*,#1113,.T.);
#2535 = ORIENTED_EDGE('',*,*,#2490,.T.);
#2536 = ORIENTED_EDGE('',*,*,#1779,.F.);
#2537 = PLANE('',#2538);
#2538 = AXIS2_PLACEMENT_3D('',#2539,#2540,#2541);
#2539 = CARTESIAN_POINT('',(8.5,-9.75,-3.749999999986));
#2540 = DIRECTION('',(5.128194583983E-13,0.707106781191,-0.707106781182)
  );
#2541 = DIRECTION('',(-1.,3.626181165602E-13,-3.626181165556E-13));
#2542 = ADVANCED_FACE('',(#2543),#2559,.F.);
#2543 = FACE_BOUND('',#2544,.F.);
#2544 = EDGE_LOOP('',(#2545,#2551,#2552,#2558));
#2545 = ORIENTED_EDGE('',*,*,#2546,.T.);
#2546 = EDGE_CURVE('',#1477,#1169,#2547,.T.);
#2547 = LINE('',#2548,#2549);
#2548 = CARTESIAN_POINT('',(29.625,-9.5,-6.375));
#2549 = VECTOR('',#2550,1.);
#2550 = DIRECTION('',(0.707106781187,-4.999702984597E-15,0.707106781187)
  );
#2551 = ORIENTED_EDGE('',*,*,#1176,.T.);
#2552 = ORIENTED_EDGE('',*,*,#2553,.F.);
#2553 = EDGE_CURVE('',#1485,#1177,#2554,.T.);
#2554 = LINE('',#2555,#2556);
#2555 = CARTESIAN_POINT('',(29.75,9.5,-6.25));
#2556 = VECTOR('',#2557,1.);
#2557 = DIRECTION('',(0.707106781187,1.346073880468E-15,0.707106781187)
  );
#2558 = ORIENTED_EDGE('',*,*,#1484,.F.);
#2559 = PLANE('',#2560);
#2560 = AXIS2_PLACEMENT_3D('',#2561,#2562,#2563);
#2561 = CARTESIAN_POINT('',(29.75,-10.,-6.25));
#2562 = DIRECTION('',(-0.707106781187,0.,0.707106781187));
#2563 = DIRECTION('',(0.,1.,0.));
#2564 = ADVANCED_FACE('',(#2565),#2576,.F.);
#2565 = FACE_BOUND('',#2566,.F.);
#2566 = EDGE_LOOP('',(#2567,#2573,#2574,#2575));
#2567 = ORIENTED_EDGE('',*,*,#2568,.F.);
#2568 = EDGE_CURVE('',#1193,#1277,#2569,.T.);
#2569 = LINE('',#2570,#2571);
#2570 = CARTESIAN_POINT('',(29.5,7.,-1.836970198721E-16));
#2571 = VECTOR('',#2572,1.);
#2572 = DIRECTION('',(-0.707106781187,0.707106781187,4.329780281177E-17)
  );
#2573 = ORIENTED_EDGE('',*,*,#1201,.T.);
#2574 = ORIENTED_EDGE('',*,*,#2169,.T.);
#2575 = ORIENTED_EDGE('',*,*,#1276,.F.);
#2576 = CONICAL_SURFACE('',#2577,3.,0.785398163397);
#2577 = AXIS2_PLACEMENT_3D('',#2578,#2579,#2580);
#2578 = CARTESIAN_POINT('',(29.5,10.,0.));
#2579 = DIRECTION('',(1.,-0.,-0.));
#2580 = DIRECTION('',(0.,-1.,-1.224646799147E-16));
#2581 = ADVANCED_FACE('',(#2582),#2599,.T.);
#2582 = FACE_BOUND('',#2583,.T.);
#2583 = EDGE_LOOP('',(#2584,#2591,#2592,#2598));
#2584 = ORIENTED_EDGE('',*,*,#2585,.F.);
#2585 = EDGE_CURVE('',#1185,#1286,#2586,.T.);
#2586 = PARABOLA('',#2587,1.06066017178);
#2587 = AXIS2_PLACEMENT_3D('',#2588,#2589,#2590);
#2588 = CARTESIAN_POINT('',(28.,11.5,0.));
#2589 = DIRECTION('',(-0.707106781187,-0.707106781187,0.));
#2590 = DIRECTION('',(0.707106781187,-0.707106781187,0.));
#2591 = ORIENTED_EDGE('',*,*,#1184,.T.);
#2592 = ORIENTED_EDGE('',*,*,#2593,.F.);
#2593 = EDGE_CURVE('',#1371,#1177,#2594,.T.);
#2594 = LINE('',#2595,#2596);
#2595 = CARTESIAN_POINT('',(29.625,9.875,-6.));
#2596 = VECTOR('',#2597,1.);
#2597 = DIRECTION('',(0.707106781187,-0.707106781187,0.));
#2598 = ORIENTED_EDGE('',*,*,#1370,.F.);
#2599 = PLANE('',#2600);
#2600 = AXIS2_PLACEMENT_3D('',#2601,#2602,#2603);
#2601 = CARTESIAN_POINT('',(29.75,9.75,-3.));
#2602 = DIRECTION('',(0.707106781187,0.707106781187,0.));
#2603 = DIRECTION('',(0.,0.,-1.));
#2604 = ADVANCED_FACE('',(#2605),#2611,.F.);
#2605 = FACE_BOUND('',#2606,.F.);
#2606 = EDGE_LOOP('',(#2607,#2608,#2609,#2610));
#2607 = ORIENTED_EDGE('',*,*,#2585,.F.);
#2608 = ORIENTED_EDGE('',*,*,#1192,.T.);
#2609 = ORIENTED_EDGE('',*,*,#2568,.T.);
#2610 = ORIENTED_EDGE('',*,*,#1285,.F.);
#2611 = CONICAL_SURFACE('',#2612,3.,0.785398163397);
#2612 = AXIS2_PLACEMENT_3D('',#2613,#2614,#2615);
#2613 = CARTESIAN_POINT('',(29.5,10.,0.));
#2614 = DIRECTION('',(1.,-0.,-0.));
#2615 = DIRECTION('',(0.,0.,-1.));
#2616 = ADVANCED_FACE('',(#2617),#2628,.F.);
#2617 = FACE_BOUND('',#2618,.F.);
#2618 = EDGE_LOOP('',(#2619,#2625,#2626,#2627));
#2619 = ORIENTED_EDGE('',*,*,#2620,.F.);
#2620 = EDGE_CURVE('',#1225,#1601,#2621,.T.);
#2621 = LINE('',#2622,#2623);
#2622 = CARTESIAN_POINT('',(27.15,4.,-6.));
#2623 = VECTOR('',#2624,1.);
#2624 = DIRECTION('',(0.707106781187,0.,-0.707106781187));
#2625 = ORIENTED_EDGE('',*,*,#1231,.T.);
#2626 = ORIENTED_EDGE('',*,*,#2620,.T.);
#2627 = ORIENTED_EDGE('',*,*,#1600,.F.);
#2628 = CONICAL_SURFACE('',#2629,2.15,0.785398163397);
#2629 = AXIS2_PLACEMENT_3D('',#2630,#2631,#2632);
#2630 = CARTESIAN_POINT('',(25.,4.,-6.));
#2631 = DIRECTION('',(-0.,-0.,-1.));
#2632 = DIRECTION('',(1.,0.,0.));
#2633 = ADVANCED_FACE('',(#2634),#2650,.F.);
#2634 = FACE_BOUND('',#2635,.F.);
#2635 = EDGE_LOOP('',(#2636,#2642,#2643,#2649));
#2636 = ORIENTED_EDGE('',*,*,#2637,.F.);
#2637 = EDGE_CURVE('',#1371,#1485,#2638,.T.);
#2638 = LINE('',#2639,#2640);
#2639 = CARTESIAN_POINT('',(29.5,9.875,-6.125));
#2640 = VECTOR('',#2641,1.);
#2641 = DIRECTION('',(-1.346073880468E-15,-0.707106781187,
    -0.707106781187));
#2642 = ORIENTED_EDGE('',*,*,#1378,.T.);
#2643 = ORIENTED_EDGE('',*,*,#2644,.F.);
#2644 = EDGE_CURVE('',#1493,#1379,#2645,.T.);
#2645 = LINE('',#2646,#2647);
#2646 = CARTESIAN_POINT('',(-29.5,9.75,-6.25));
#2647 = VECTOR('',#2648,1.);
#2648 = DIRECTION('',(-1.346073880468E-15,0.707106781187,0.707106781187)
  );
#2649 = ORIENTED_EDGE('',*,*,#1492,.F.);
#2650 = PLANE('',#2651);
#2651 = AXIS2_PLACEMENT_3D('',#2652,#2653,#2654);
#2652 = CARTESIAN_POINT('',(30.,9.75,-6.25));
#2653 = DIRECTION('',(0.,-0.707106781187,0.707106781187));
#2654 = DIRECTION('',(-1.,0.,0.));
#2655 = ADVANCED_FACE('',(#2656),#2674,.F.);
#2656 = FACE_BOUND('',#2657,.T.);
#2657 = EDGE_LOOP('',(#2658,#2659,#2667,#2673));
#2658 = ORIENTED_EDGE('',*,*,#2283,.T.);
#2659 = ORIENTED_EDGE('',*,*,#2660,.T.);
#2660 = EDGE_CURVE('',#2276,#2661,#2663,.T.);
#2661 = VERTEX_POINT('',#2662);
#2662 = CARTESIAN_POINT('',(-8.5,-5.,-3.499999999912));
#2663 = LINE('',#2664,#2665);
#2664 = CARTESIAN_POINT('',(-20.,-5.,-3.499999999912));
#2665 = VECTOR('',#2666,1.);
#2666 = DIRECTION('',(1.,0.,0.));
#2667 = ORIENTED_EDGE('',*,*,#2668,.F.);
#2668 = EDGE_CURVE('',#1331,#2661,#2669,.T.);
#2669 = LINE('',#2670,#2671);
#2670 = CARTESIAN_POINT('',(-8.5,10.,-3.499999999912));
#2671 = VECTOR('',#2672,1.);
#2672 = DIRECTION('',(-0.,-1.,-2.22044604925E-16));
#2673 = ORIENTED_EDGE('',*,*,#1330,.F.);
#2674 = PLANE('',#2675);
#2675 = AXIS2_PLACEMENT_3D('',#2676,#2677,#2678);
#2676 = CARTESIAN_POINT('',(-20.,10.,-3.499999999912));
#2677 = DIRECTION('',(0.,2.22044604925E-16,-1.));
#2678 = DIRECTION('',(-1.,-0.,-0.));
#2679 = ADVANCED_FACE('',(#2680),#2698,.F.);
#2680 = FACE_BOUND('',#2681,.T.);
#2681 = EDGE_LOOP('',(#2682,#2683,#2691,#2697));
#2682 = ORIENTED_EDGE('',*,*,#2668,.T.);
#2683 = ORIENTED_EDGE('',*,*,#2684,.T.);
#2684 = EDGE_CURVE('',#2661,#2685,#2687,.T.);
#2685 = VERTEX_POINT('',#2686);
#2686 = CARTESIAN_POINT('',(-8.5,-5.,-3.299999999912));
#2687 = LINE('',#2688,#2689);
#2688 = CARTESIAN_POINT('',(-8.5,-5.,-3.499999999912));
#2689 = VECTOR('',#2690,1.);
#2690 = DIRECTION('',(0.,-2.22044604925E-16,1.));
#2691 = ORIENTED_EDGE('',*,*,#2692,.F.);
#2692 = EDGE_CURVE('',#1339,#2685,#2693,.T.);
#2693 = LINE('',#2694,#2695);
#2694 = CARTESIAN_POINT('',(-8.5,10.,-3.299999999912));
#2695 = VECTOR('',#2696,1.);
#2696 = DIRECTION('',(-0.,-1.,-2.22044604925E-16));
#2697 = ORIENTED_EDGE('',*,*,#1338,.F.);
#2698 = PLANE('',#2699);
#2699 = AXIS2_PLACEMENT_3D('',#2700,#2701,#2702);
#2700 = CARTESIAN_POINT('',(-8.5,10.,-3.499999999912));
#2701 = DIRECTION('',(1.,0.,0.));
#2702 = DIRECTION('',(0.,2.22044604925E-16,-1.));
#2703 = ADVANCED_FACE('',(#2704),#2737,.T.);
#2704 = FACE_BOUND('',#2705,.F.);
#2705 = EDGE_LOOP('',(#2706,#2714,#2715,#2721,#2722,#2723,#2731));
#2706 = ORIENTED_EDGE('',*,*,#2707,.T.);
#2707 = EDGE_CURVE('',#2708,#2452,#2710,.T.);
#2708 = VERTEX_POINT('',#2709);
#2709 = CARTESIAN_POINT('',(0.,-5.,-3.3));
#2710 = LINE('',#2711,#2712);
#2711 = CARTESIAN_POINT('',(0.,7.327471962526E-16,-3.3));
#2712 = VECTOR('',#2713,1.);
#2713 = DIRECTION('',(-0.,-1.,-2.22044604925E-16));
#2714 = ORIENTED_EDGE('',*,*,#2459,.F.);
#2715 = ORIENTED_EDGE('',*,*,#2716,.F.);
#2716 = EDGE_CURVE('',#2685,#2404,#2717,.T.);
#2717 = LINE('',#2718,#2719);
#2718 = CARTESIAN_POINT('',(-8.5,7.327471962526E-16,-3.3));
#2719 = VECTOR('',#2720,1.);
#2720 = DIRECTION('',(-0.,-1.,-2.22044604925E-16));
#2721 = ORIENTED_EDGE('',*,*,#2692,.F.);
#2722 = ORIENTED_EDGE('',*,*,#1346,.T.);
#2723 = ORIENTED_EDGE('',*,*,#2724,.T.);
#2724 = EDGE_CURVE('',#1347,#2725,#2727,.T.);
#2725 = VERTEX_POINT('',#2726);
#2726 = CARTESIAN_POINT('',(-6.,-5.,-3.299999999912));
#2727 = LINE('',#2728,#2729);
#2728 = CARTESIAN_POINT('',(-6.,10.,-3.299999999912));
#2729 = VECTOR('',#2730,1.);
#2730 = DIRECTION('',(-0.,-1.,-2.22044604925E-16));
#2731 = ORIENTED_EDGE('',*,*,#2732,.T.);
#2732 = EDGE_CURVE('',#2725,#2708,#2733,.T.);
#2733 = LINE('',#2734,#2735);
#2734 = CARTESIAN_POINT('',(-4.266978922717,-5.,-3.3));
#2735 = VECTOR('',#2736,1.);
#2736 = DIRECTION('',(1.,0.,0.));
#2737 = PLANE('',#2738);
#2738 = AXIS2_PLACEMENT_3D('',#2739,#2740,#2741);
#2739 = CARTESIAN_POINT('',(-5.828947368421,-1.578947368421,
    -3.29999999995));
#2740 = DIRECTION('',(3.395998235443E-12,-4.259737293771E-12,1.));
#2741 = DIRECTION('',(0.,1.,4.259737293771E-12));
#2742 = ADVANCED_FACE('',(#2743),#2768,.T.);
#2743 = FACE_BOUND('',#2744,.F.);
#2744 = EDGE_LOOP('',(#2745,#2746,#2752,#2753,#2759,#2760,#2761,#2762));
#2745 = ORIENTED_EDGE('',*,*,#1581,.T.);
#2746 = ORIENTED_EDGE('',*,*,#2747,.T.);
#2747 = EDGE_CURVE('',#1573,#1739,#2748,.T.);
#2748 = LINE('',#2749,#2750);
#2749 = CARTESIAN_POINT('',(-6.,-5.507064037689E-17,-6.5));
#2750 = VECTOR('',#2751,1.);
#2751 = DIRECTION('',(0.,0.,1.));
#2752 = ORIENTED_EDGE('',*,*,#1738,.T.);
#2753 = ORIENTED_EDGE('',*,*,#2754,.F.);
#2754 = EDGE_CURVE('',#2725,#1731,#2755,.T.);
#2755 = LINE('',#2756,#2757);
#2756 = CARTESIAN_POINT('',(-6.,-5.,-3.299999999912));
#2757 = VECTOR('',#2758,1.);
#2758 = DIRECTION('',(-0.,2.22044604925E-16,-1.));
#2759 = ORIENTED_EDGE('',*,*,#2724,.F.);
#2760 = ORIENTED_EDGE('',*,*,#1354,.T.);
#2761 = ORIENTED_EDGE('',*,*,#1436,.T.);
#2762 = ORIENTED_EDGE('',*,*,#2763,.F.);
#2763 = EDGE_CURVE('',#1511,#1429,#2764,.T.);
#2764 = LINE('',#2765,#2766);
#2765 = CARTESIAN_POINT('',(-6.,7.,-6.5));
#2766 = VECTOR('',#2767,1.);
#2767 = DIRECTION('',(0.,0.,1.));
#2768 = PLANE('',#2769);
#2769 = AXIS2_PLACEMENT_3D('',#2770,#2771,#2772);
#2770 = CARTESIAN_POINT('',(-6.,2.664835164839,-4.240659340598));
#2771 = DIRECTION('',(1.,0.,0.));
#2772 = DIRECTION('',(0.,0.,1.));
#2773 = ADVANCED_FACE('',(#2774),#2786,.F.);
#2774 = FACE_BOUND('',#2775,.F.);
#2775 = EDGE_LOOP('',(#2776,#2782,#2783,#2784,#2785));
#2776 = ORIENTED_EDGE('',*,*,#2777,.T.);
#2777 = EDGE_CURVE('',#1509,#1420,#2778,.T.);
#2778 = LINE('',#2779,#2780);
#2779 = CARTESIAN_POINT('',(-1.760681686166,7.,0.));
#2780 = VECTOR('',#2781,1.);
#2781 = DIRECTION('',(0.,0.,1.));
#2782 = ORIENTED_EDGE('',*,*,#1419,.T.);
#2783 = ORIENTED_EDGE('',*,*,#1410,.T.);
#2784 = ORIENTED_EDGE('',*,*,#1460,.F.);
#2785 = ORIENTED_EDGE('',*,*,#1518,.F.);
#2786 = CYLINDRICAL_SURFACE('',#2787,2.05);
#2787 = AXIS2_PLACEMENT_3D('',#2788,#2789,#2790);
#2788 = CARTESIAN_POINT('',(0.,5.95,0.));
#2789 = DIRECTION('',(0.,0.,1.));
#2790 = DIRECTION('',(1.,0.,0.));
#2791 = ADVANCED_FACE('',(#2792),#2798,.F.);
#2792 = FACE_BOUND('',#2793,.T.);
#2793 = EDGE_LOOP('',(#2794,#2795,#2796,#2797));
#2794 = ORIENTED_EDGE('',*,*,#1508,.F.);
#2795 = ORIENTED_EDGE('',*,*,#2777,.T.);
#2796 = ORIENTED_EDGE('',*,*,#1428,.F.);
#2797 = ORIENTED_EDGE('',*,*,#2763,.F.);
#2798 = PLANE('',#2799);
#2799 = AXIS2_PLACEMENT_3D('',#2800,#2801,#2802);
#2800 = CARTESIAN_POINT('',(20.,7.,-6.5));
#2801 = DIRECTION('',(0.,1.,0.));
#2802 = DIRECTION('',(1.,0.,0.));
#2803 = ADVANCED_FACE('',(#2804),#2810,.F.);
#2804 = FACE_BOUND('',#2805,.T.);
#2805 = EDGE_LOOP('',(#2806,#2807,#2808,#2809));
#2806 = ORIENTED_EDGE('',*,*,#1674,.T.);
#2807 = ORIENTED_EDGE('',*,*,#1647,.T.);
#2808 = ORIENTED_EDGE('',*,*,#1617,.F.);
#2809 = ORIENTED_EDGE('',*,*,#1537,.F.);
#2810 = CYLINDRICAL_SURFACE('',#2811,2.05);
#2811 = AXIS2_PLACEMENT_3D('',#2812,#2813,#2814);
#2812 = CARTESIAN_POINT('',(1.791889343305E-24,4.5,-6.5));
#2813 = DIRECTION('',(-0.,-0.,-1.));
#2814 = DIRECTION('',(1.,0.,0.));
#2815 = ADVANCED_FACE('',(#2816),#2827,.F.);
#2816 = FACE_BOUND('',#2817,.T.);
#2817 = EDGE_LOOP('',(#2818,#2819,#2825,#2826));
#2818 = ORIENTED_EDGE('',*,*,#1564,.F.);
#2819 = ORIENTED_EDGE('',*,*,#2820,.T.);
#2820 = EDGE_CURVE('',#1565,#1747,#2821,.T.);
#2821 = LINE('',#2822,#2823);
#2822 = CARTESIAN_POINT('',(-2.,-4.,-6.5));
#2823 = VECTOR('',#2824,1.);
#2824 = DIRECTION('',(0.,0.,1.));
#2825 = ORIENTED_EDGE('',*,*,#1755,.F.);
#2826 = ORIENTED_EDGE('',*,*,#1696,.F.);
#2827 = PLANE('',#2828);
#2828 = AXIS2_PLACEMENT_3D('',#2829,#2830,#2831);
#2829 = CARTESIAN_POINT('',(-2.,-4.,-6.5));
#2830 = DIRECTION('',(-0.,-1.,-0.));
#2831 = DIRECTION('',(-1.,-0.,-0.));
#2832 = ADVANCED_FACE('',(#2833),#2839,.F.);
#2833 = FACE_BOUND('',#2834,.T.);
#2834 = EDGE_LOOP('',(#2835,#2836,#2837,#2838));
#2835 = ORIENTED_EDGE('',*,*,#1572,.F.);
#2836 = ORIENTED_EDGE('',*,*,#2747,.T.);
#2837 = ORIENTED_EDGE('',*,*,#1746,.T.);
#2838 = ORIENTED_EDGE('',*,*,#2820,.F.);
#2839 = CYLINDRICAL_SURFACE('',#2840,4.);
#2840 = AXIS2_PLACEMENT_3D('',#2841,#2842,#2843);
#2841 = CARTESIAN_POINT('',(-2.,-6.E-16,-6.5));
#2842 = DIRECTION('',(-0.,-0.,-1.));
#2843 = DIRECTION('',(1.,0.,0.));
#2844 = ADVANCED_FACE('',(#2845),#2856,.F.);
#2845 = FACE_BOUND('',#2846,.T.);
#2846 = EDGE_LOOP('',(#2847,#2853,#2854,#2855));
#2847 = ORIENTED_EDGE('',*,*,#2848,.F.);
#2848 = EDGE_CURVE('',#1590,#2023,#2849,.T.);
#2849 = LINE('',#2850,#2851);
#2850 = CARTESIAN_POINT('',(-22.85,4.,-6.));
#2851 = VECTOR('',#2852,1.);
#2852 = DIRECTION('',(-0.707106781187,0.,0.707106781187));
#2853 = ORIENTED_EDGE('',*,*,#1589,.T.);
#2854 = ORIENTED_EDGE('',*,*,#2848,.T.);
#2855 = ORIENTED_EDGE('',*,*,#2029,.F.);
#2856 = CONICAL_SURFACE('',#2857,2.15,0.785398163397);
#2857 = AXIS2_PLACEMENT_3D('',#2858,#2859,#2860);
#2858 = CARTESIAN_POINT('',(-25.,4.,-6.));
#2859 = DIRECTION('',(-0.,-0.,-1.));
#2860 = DIRECTION('',(1.,0.,0.));
#2861 = ADVANCED_FACE('',(#2862),#2873,.F.);
#2862 = FACE_BOUND('',#2863,.F.);
#2863 = EDGE_LOOP('',(#2864,#2865,#2871,#2872));
#2864 = ORIENTED_EDGE('',*,*,#2707,.F.);
#2865 = ORIENTED_EDGE('',*,*,#2866,.F.);
#2866 = EDGE_CURVE('',#1721,#2708,#2867,.T.);
#2867 = LINE('',#2868,#2869);
#2868 = CARTESIAN_POINT('',(0.,-5.,-2.874765807916));
#2869 = VECTOR('',#2870,1.);
#2870 = DIRECTION('',(0.,0.,1.));
#2871 = ORIENTED_EDGE('',*,*,#1720,.T.);
#2872 = ORIENTED_EDGE('',*,*,#2498,.T.);
#2873 = PLANE('',#2874);
#2874 = AXIS2_PLACEMENT_3D('',#2875,#2876,#2877);
#2875 = CARTESIAN_POINT('',(0.,7.771561172376E-16,-3.5));
#2876 = DIRECTION('',(-1.,0.,0.));
#2877 = DIRECTION('',(0.,-2.22044604925E-16,1.));
#2878 = ADVANCED_FACE('',(#2879),#2885,.T.);
#2879 = FACE_BOUND('',#2880,.F.);
#2880 = EDGE_LOOP('',(#2881,#2882,#2883,#2884));
#2881 = ORIENTED_EDGE('',*,*,#2732,.F.);
#2882 = ORIENTED_EDGE('',*,*,#2754,.T.);
#2883 = ORIENTED_EDGE('',*,*,#1730,.T.);
#2884 = ORIENTED_EDGE('',*,*,#2866,.T.);
#2885 = PLANE('',#2886);
#2886 = AXIS2_PLACEMENT_3D('',#2887,#2888,#2889);
#2887 = CARTESIAN_POINT('',(-3.395784543407E-02,-5.,-2.249531615833));
#2888 = DIRECTION('',(0.,1.,0.));
#2889 = DIRECTION('',(0.,0.,1.));
#2890 = ADVANCED_FACE('',(#2891),#2901,.T.);
#2891 = FACE_BOUND('',#2892,.T.);
#2892 = EDGE_LOOP('',(#2893,#2894,#2895,#2896,#2897,#2898,#2899,#2900));
#2893 = ORIENTED_EDGE('',*,*,#1771,.T.);
#2894 = ORIENTED_EDGE('',*,*,#2520,.T.);
#2895 = ORIENTED_EDGE('',*,*,#1935,.F.);
#2896 = ORIENTED_EDGE('',*,*,#1890,.F.);
#2897 = ORIENTED_EDGE('',*,*,#1865,.T.);
#2898 = ORIENTED_EDGE('',*,*,#1851,.T.);
#2899 = ORIENTED_EDGE('',*,*,#1817,.F.);
#2900 = ORIENTED_EDGE('',*,*,#1801,.T.);
#2901 = PLANE('',#2902);
#2902 = AXIS2_PLACEMENT_3D('',#2903,#2904,#2905);
#2903 = CARTESIAN_POINT('',(8.5,-3.195652173913,-7.723290606278E-17));
#2904 = DIRECTION('',(-1.,-0.,-0.));
#2905 = DIRECTION('',(0.,0.,-1.));
#2906 = ADVANCED_FACE('',(#2907),#2913,.F.);
#2907 = FACE_BOUND('',#2908,.T.);
#2908 = EDGE_LOOP('',(#2909,#2910,#2911,#2912));
#2909 = ORIENTED_EDGE('',*,*,#1981,.F.);
#2910 = ORIENTED_EDGE('',*,*,#1967,.F.);
#2911 = ORIENTED_EDGE('',*,*,#1913,.T.);
#2912 = ORIENTED_EDGE('',*,*,#2435,.T.);
#2913 = PLANE('',#2914);
#2914 = AXIS2_PLACEMENT_3D('',#2915,#2916,#2917);
#2915 = CARTESIAN_POINT('',(0.,7.771561172376E-16,3.5));
#2916 = DIRECTION('',(-1.,-0.,-0.));
#2917 = DIRECTION('',(0.,2.22044604925E-16,1.));
#2918 = ADVANCED_FACE('',(#2919),#2962,.T.);
#2919 = FACE_BOUND('',#2920,.T.);
#2920 = EDGE_LOOP('',(#2921,#2922,#2930,#2938,#2946,#2954,#2960,#2961));
#2921 = ORIENTED_EDGE('',*,*,#2716,.F.);
#2922 = ORIENTED_EDGE('',*,*,#2923,.T.);
#2923 = EDGE_CURVE('',#2685,#2924,#2926,.T.);
#2924 = VERTEX_POINT('',#2925);
#2925 = CARTESIAN_POINT('',(-8.5,-5.,-0.999999999907));
#2926 = LINE('',#2927,#2928);
#2927 = CARTESIAN_POINT('',(-8.5,-5.,-2.774765807916));
#2928 = VECTOR('',#2929,1.);
#2929 = DIRECTION('',(0.,0.,1.));
#2930 = ORIENTED_EDGE('',*,*,#2931,.T.);
#2931 = EDGE_CURVE('',#2924,#2932,#2934,.T.);
#2932 = VERTEX_POINT('',#2933);
#2933 = CARTESIAN_POINT('',(-8.5,6.,-0.999999999907));
#2934 = LINE('',#2935,#2936);
#2935 = CARTESIAN_POINT('',(-8.5,5.,-0.999999999907));
#2936 = VECTOR('',#2937,1.);
#2937 = DIRECTION('',(0.,1.,2.22044604925E-16));
#2938 = ORIENTED_EDGE('',*,*,#2939,.F.);
#2939 = EDGE_CURVE('',#2940,#2932,#2942,.T.);
#2940 = VERTEX_POINT('',#2941);
#2941 = CARTESIAN_POINT('',(-8.5,6.,0.999999999907));
#2942 = LINE('',#2943,#2944);
#2943 = CARTESIAN_POINT('',(-8.5,6.,-1.235105951949));
#2944 = VECTOR('',#2945,1.);
#2945 = DIRECTION('',(-0.,-0.,-1.));
#2946 = ORIENTED_EDGE('',*,*,#2947,.F.);
#2947 = EDGE_CURVE('',#2948,#2940,#2950,.T.);
#2948 = VERTEX_POINT('',#2949);
#2949 = CARTESIAN_POINT('',(-8.5,-5.,0.999999999907));
#2950 = LINE('',#2951,#2952);
#2951 = CARTESIAN_POINT('',(-8.5,5.,0.999999999907));
#2952 = VECTOR('',#2953,1.);
#2953 = DIRECTION('',(0.,1.,-2.22044604925E-16));
#2954 = ORIENTED_EDGE('',*,*,#2955,.F.);
#2955 = EDGE_CURVE('',#1998,#2948,#2956,.T.);
#2956 = LINE('',#2957,#2958);
#2957 = CARTESIAN_POINT('',(-8.5,-5.,2.774765807916));
#2958 = VECTOR('',#2959,1.);
#2959 = DIRECTION('',(0.,0.,-1.));
#2960 = ORIENTED_EDGE('',*,*,#1997,.T.);
#2961 = ORIENTED_EDGE('',*,*,#2413,.F.);
#2962 = PLANE('',#2963);
#2963 = AXIS2_PLACEMENT_3D('',#2964,#2965,#2966);
#2964 = CARTESIAN_POINT('',(-8.5,-3.119469026594,7.859986015045E-17));
#2965 = DIRECTION('',(1.,0.,0.));
#2966 = DIRECTION('',(0.,0.,1.));
#2967 = ADVANCED_FACE('',(#2968),#2973,.T.);
#2968 = FACE_BOUND('',#2969,.T.);
#2969 = EDGE_LOOP('',(#2970,#2971,#2972));
#2970 = ORIENTED_EDGE('',*,*,#2066,.F.);
#2971 = ORIENTED_EDGE('',*,*,#2113,.T.);
#2972 = ORIENTED_EDGE('',*,*,#2367,.F.);
#2973 = PLANE('',#2974);
#2974 = AXIS2_PLACEMENT_3D('',#2975,#2976,#2977);
#2975 = CARTESIAN_POINT('',(-30.,-9.5,-6.));
#2976 = DIRECTION('',(-0.57735026919,-0.57735026919,-0.57735026919));
#2977 = DIRECTION('',(0.,0.707106781187,-0.707106781187));
#2978 = ADVANCED_FACE('',(#2979),#2984,.T.);
#2979 = FACE_BOUND('',#2980,.T.);
#2980 = EDGE_LOOP('',(#2981,#2982,#2983));
#2981 = ORIENTED_EDGE('',*,*,#2106,.F.);
#2982 = ORIENTED_EDGE('',*,*,#2154,.T.);
#2983 = ORIENTED_EDGE('',*,*,#2644,.F.);
#2984 = PLANE('',#2985);
#2985 = AXIS2_PLACEMENT_3D('',#2986,#2987,#2988);
#2986 = CARTESIAN_POINT('',(-30.,9.5,-6.));
#2987 = DIRECTION('',(-0.57735026919,0.57735026919,-0.57735026919));
#2988 = DIRECTION('',(-5.551115123126E-17,0.707106781187,0.707106781187)
  );
#2989 = ADVANCED_FACE('',(#2990),#3002,.T.);
#2990 = FACE_BOUND('',#2991,.T.);
#2991 = EDGE_LOOP('',(#2992,#2998,#2999,#3000,#3001));
#2992 = ORIENTED_EDGE('',*,*,#2993,.F.);
#2993 = EDGE_CURVE('',#2244,#2948,#2994,.T.);
#2994 = LINE('',#2995,#2996);
#2995 = CARTESIAN_POINT('',(-20.,-5.,0.999999999907));
#2996 = VECTOR('',#2997,1.);
#2997 = DIRECTION('',(1.,0.,0.));
#2998 = ORIENTED_EDGE('',*,*,#2243,.F.);
#2999 = ORIENTED_EDGE('',*,*,#2302,.T.);
#3000 = ORIENTED_EDGE('',*,*,#2326,.T.);
#3001 = ORIENTED_EDGE('',*,*,#2955,.T.);
#3002 = PLANE('',#3003);
#3003 = AXIS2_PLACEMENT_3D('',#3004,#3005,#3006);
#3004 = CARTESIAN_POINT('',(-3.395784543407E-02,-5.,2.249531615833));
#3005 = DIRECTION('',(0.,1.,0.));
#3006 = DIRECTION('',(0.,0.,1.));
#3007 = ADVANCED_FACE('',(#3008),#3019,.T.);
#3008 = FACE_BOUND('',#3009,.T.);
#3009 = EDGE_LOOP('',(#3010,#3016,#3017,#3018));
#3010 = ORIENTED_EDGE('',*,*,#3011,.T.);
#3011 = EDGE_CURVE('',#2940,#2252,#3012,.T.);
#3012 = LINE('',#3013,#3014);
#3013 = CARTESIAN_POINT('',(-10.,6.,0.999999999907));
#3014 = VECTOR('',#3015,1.);
#3015 = DIRECTION('',(-1.,0.,0.));
#3016 = ORIENTED_EDGE('',*,*,#2251,.T.);
#3017 = ORIENTED_EDGE('',*,*,#2993,.T.);
#3018 = ORIENTED_EDGE('',*,*,#2947,.T.);
#3019 = PLANE('',#3020);
#3020 = AXIS2_PLACEMENT_3D('',#3021,#3022,#3023);
#3021 = CARTESIAN_POINT('',(-20.,10.,0.999999999907));
#3022 = DIRECTION('',(0.,2.22044604925E-16,1.));
#3023 = DIRECTION('',(1.,0.,0.));
#3024 = ADVANCED_FACE('',(#3025),#3036,.T.);
#3025 = FACE_BOUND('',#3026,.T.);
#3026 = EDGE_LOOP('',(#3027,#3028,#3029,#3030));
#3027 = ORIENTED_EDGE('',*,*,#2259,.F.);
#3028 = ORIENTED_EDGE('',*,*,#3011,.F.);
#3029 = ORIENTED_EDGE('',*,*,#2939,.T.);
#3030 = ORIENTED_EDGE('',*,*,#3031,.T.);
#3031 = EDGE_CURVE('',#2932,#2260,#3032,.T.);
#3032 = LINE('',#3033,#3034);
#3033 = CARTESIAN_POINT('',(-10.,6.,-0.999999999907));
#3034 = VECTOR('',#3035,1.);
#3035 = DIRECTION('',(-1.,-0.,-0.));
#3036 = PLANE('',#3037);
#3037 = AXIS2_PLACEMENT_3D('',#3038,#3039,#3040);
#3038 = CARTESIAN_POINT('',(-14.25,6.,7.669517544426E-28));
#3039 = DIRECTION('',(0.,1.,0.));
#3040 = DIRECTION('',(0.,0.,1.));
#3041 = ADVANCED_FACE('',(#3042),#3053,.T.);
#3042 = FACE_BOUND('',#3043,.F.);
#3043 = EDGE_LOOP('',(#3044,#3045,#3046,#3052));
#3044 = ORIENTED_EDGE('',*,*,#3031,.T.);
#3045 = ORIENTED_EDGE('',*,*,#2267,.T.);
#3046 = ORIENTED_EDGE('',*,*,#3047,.T.);
#3047 = EDGE_CURVE('',#2268,#2924,#3048,.T.);
#3048 = LINE('',#3049,#3050);
#3049 = CARTESIAN_POINT('',(-20.,-5.,-0.999999999907));
#3050 = VECTOR('',#3051,1.);
#3051 = DIRECTION('',(1.,0.,0.));
#3052 = ORIENTED_EDGE('',*,*,#2931,.T.);
#3053 = PLANE('',#3054);
#3054 = AXIS2_PLACEMENT_3D('',#3055,#3056,#3057);
#3055 = CARTESIAN_POINT('',(-20.,10.,-0.999999999907));
#3056 = DIRECTION('',(0.,2.22044604925E-16,-1.));
#3057 = DIRECTION('',(-1.,-0.,-0.));
#3058 = ADVANCED_FACE('',(#3059),#3066,.T.);
#3059 = FACE_BOUND('',#3060,.F.);
#3060 = EDGE_LOOP('',(#3061,#3062,#3063,#3064,#3065));
#3061 = ORIENTED_EDGE('',*,*,#3047,.F.);
#3062 = ORIENTED_EDGE('',*,*,#2275,.F.);
#3063 = ORIENTED_EDGE('',*,*,#2660,.T.);
#3064 = ORIENTED_EDGE('',*,*,#2684,.T.);
#3065 = ORIENTED_EDGE('',*,*,#2923,.T.);
#3066 = PLANE('',#3067);
#3067 = AXIS2_PLACEMENT_3D('',#3068,#3069,#3070);
#3068 = CARTESIAN_POINT('',(-3.395784543407E-02,-5.,-2.249531615833));
#3069 = DIRECTION('',(0.,1.,0.));
#3070 = DIRECTION('',(0.,0.,1.));
#3071 = ADVANCED_FACE('',(#3072),#3077,.T.);
#3072 = FACE_BOUND('',#3073,.T.);
#3073 = EDGE_LOOP('',(#3074,#3075,#3076));
#3074 = ORIENTED_EDGE('',*,*,#2360,.F.);
#3075 = ORIENTED_EDGE('',*,*,#2546,.T.);
#3076 = ORIENTED_EDGE('',*,*,#2344,.F.);
#3077 = PLANE('',#3078);
#3078 = AXIS2_PLACEMENT_3D('',#3079,#3080,#3081);
#3079 = CARTESIAN_POINT('',(29.5,-9.5,-6.5));
#3080 = DIRECTION('',(0.57735026919,-0.57735026919,-0.57735026919));
#3081 = DIRECTION('',(0.707106781187,0.707106781187,-2.775557561563E-17)
  );
#3082 = ADVANCED_FACE('',(#3083),#3088,.T.);
#3083 = FACE_BOUND('',#3084,.T.);
#3084 = EDGE_LOOP('',(#3085,#3086,#3087));
#3085 = ORIENTED_EDGE('',*,*,#2637,.F.);
#3086 = ORIENTED_EDGE('',*,*,#2593,.T.);
#3087 = ORIENTED_EDGE('',*,*,#2553,.F.);
#3088 = PLANE('',#3089);
#3089 = AXIS2_PLACEMENT_3D('',#3090,#3091,#3092);
#3090 = CARTESIAN_POINT('',(29.5,10.,-6.));
#3091 = DIRECTION('',(0.57735026919,0.57735026919,-0.57735026919));
#3092 = DIRECTION('',(0.707106781187,2.775557561563E-17,0.707106781187)
  );
#3093 = ( GEOMETRIC_REPRESENTATION_CONTEXT(3) 
GLOBAL_UNCERTAINTY_ASSIGNED_CONTEXT((#3097)) 
GLOBAL_UNIT_ASSIGNED_CONTEXT((#3094,#3095,#3096)) REPRESENTATION_CONTEXT
('Context #1','3D Context with UNIT and UNCERTAINTY') );
#3094 = ( LENGTH_UNIT() NAMED_UNIT(*) SI_UNIT(.MILLI.,.METRE.) );
#3095 = ( NAMED_UNIT(*) PLANE_ANGLE_UNIT() SI_UNIT($,.RADIAN.) );
#3096 = ( NAMED_UNIT(*) SI_UNIT($,.STERADIAN.) SOLID_ANGLE_UNIT() );
#3097 = UNCERTAINTY_MEASURE_WITH_UNIT(LENGTH_MEASURE(1.E-04),#3094,
  'distance_accuracy_value','confusion accuracy');
#3098 = PRODUCT_RELATED_PRODUCT_CATEGORY('part',$,(#7));
#3099 = MECHANICAL_DESIGN_GEOMETRIC_PRESENTATION_REPRESENTATION('',(
    #3100),#3093);
#3100 = STYLED_ITEM('color',(#3101),#15);
#3101 = PRESENTATION_STYLE_ASSIGNMENT((#3102,#3108));
#3102 = SURFACE_STYLE_USAGE(.BOTH.,#3103);
#3103 = SURFACE_SIDE_STYLE('',(#3104));
#3104 = SURFACE_STYLE_FILL_AREA(#3105);
#3105 = FILL_AREA_STYLE('',(#3106));
#3106 = FILL_AREA_STYLE_COLOUR('',#3107);
#3107 = COLOUR_RGB('',0.800000010877,0.800000010877,0.800000010877);
#3108 = CURVE_STYLE('',#3109,POSITIVE_LENGTH_MEASURE(0.1),#3110);
#3109 = DRAUGHTING_PRE_DEFINED_CURVE_FONT('continuous');
#3110 = COLOUR_RGB('',9.803921802644E-02,9.803921802644E-02,
  9.803921802644E-02);
ENDSEC;
END-ISO-10303-21;
